evp_s0,evp_R,evp_d,evp_n,evp_eta,valid_x_end,valid_y_1,valid_y_2,valid_y_3,valid_y_4,valid_y_5,valid_y_6,valid_y_7,valid_y_8,valid_y_9,valid_y_10,valid_y_11,valid_y_12,valid_y_13,valid_y_14,valid_y_15,valid_y_16,valid_y_17,valid_y_18,valid_y_19,valid_y_20,prd_x_end,prd_y_1,prd_y_2,prd_y_3,prd_y_4,prd_y_5,prd_y_6,prd_y_7,prd_y_8,prd_y_9,prd_y_10,prd_y_11,prd_y_12,prd_y_13,prd_y_14,prd_y_15,prd_y_16,prd_y_17,prd_y_18,prd_y_19,prd_y_20
499.99999999999943,499.99999999999943,100.0,1.0,10000.0,0.20000000000000004,748.3299999999998,897.0799999999995,963.2599999999991,986.6400000000001,996.1999999999997,999.4599999999999,1000.7999999999988,1001.1999999999996,1001.399999999999,1001.4999999999992,1001.4999999999992,1001.4999999999992,1001.4999999999992,1001.4999999999992,1001.4999999999992,1001.4999999999981,1001.4999999999992,1001.4999999999992,1001.4999999999992,1001.4999999999992,0.19999269851528542,758.4068697630806,856.3636090151006,902.843203588097,922.1147761996128,932.407480573218,936.5322949857958,938.19248048507,938.7405782886485,938.9784059369532,939.0926741842769,939.1446864370445,939.173774437435,939.1711804283481,939.1527899674165,939.1155643874322,939.0738605865896,939.0454120327606,939.0336360567154,939.0491690236289,939.0850589879611
199.99999999999983,1999.9999999999982,0.10000000000000005,1.0,10.0,0.20000000000000004,201.87999999999985,203.78999999999994,205.8499999999999,207.7599999999998,209.82000000000002,211.72000000000003,213.77999999999994,215.66999999999976,217.71999999999986,219.76999999999975,221.67,223.71,225.6,227.64000000000001,229.51999999999995,231.55999999999986,233.44000000000005,235.47999999999988,237.3499999999998,239.37999999999985,0.19999805908501286,222.39190542062747,213.33513877806666,212.50522295063885,214.60111603827764,217.4878388849565,220.0973197035702,222.758472833481,225.12617594826986,227.62520294208207,230.0661275447524,232.2685614303397,234.6050105731377,236.71660973478677,238.96175173627128,240.9956400171541,243.16474719040355,245.13986166840115,247.25313125336277,249.18409787676762,251.2516957261172
399.9999999999997,999.999999999999,1.0,4.999999999999999,10000.0,0.20000000000000004,2032.2999999999984,2419.8999999999974,2437.999999999997,2447.399999999998,2457.3999999999987,2466.4999999999973,2476.299999999998,2485.299999999997,2494.8999999999983,2504.399999999998,2513.099999999999,2522.3999999999965,2530.8999999999965,2540.0,2548.399999999997,2557.399999999995,2565.5999999999985,2574.299999999996,2582.399999999998,2590.9999999999977,0.19998508955010932,1829.6567106638222,2277.904162432576,2465.7738082892943,2508.0642969631876,2534.997812023975,2550.754017040969,2562.1003430609735,2570.270376268961,2578.0132262424427,2585.106116730846,2591.201428203478,2597.406377105174,2602.7775411653156,2608.280456977451,2613.0673133521504,2618.015534483963,2622.4158071133816,2627.036624962367,2631.2133029521897,2635.6195771042658
499.99999999999943,999.999999999999,9.999999999999995,4.999999999999999,10000.0,0.20000000000000004,2069.799999999999,2569.099999999997,2666.9999999999986,2742.1999999999953,2816.399999999998,2878.699999999996,2940.299999999998,2991.9,3042.899999999997,3088.9999999999986,3127.6999999999985,3165.7999999999965,3197.699999999999,3229.099999999993,3255.499999999995,3281.299999999997,3302.999999999999,3324.2999999999993,3342.099999999995,3359.599999999996,0.19998489384073534,1966.8858536931432,2610.9403601740705,2930.6220404457586,3042.829503268208,3113.2117761676477,3152.613107283387,3179.9159520189996,3197.7925564941243,3212.704351837175,3224.547529099998,3233.4014049320126,3241.199548629096,3246.9739141626696,3251.9644676156754,3255.5393644898013,3258.511931511528,3260.5820698856433,3262.224348417774,3263.297508972419,3264.021511148671
1.0,499.99999999999943,0.10000000000000005,10.0,10000.0,0.20000000000000004,2185.599999999998,4125.799999999998,4939.499999999996,4976.199999999996,4977.799999999998,4978.3,4978.899999999999,4979.299999999993,4979.799999999994,4980.399999999994,4980.799999999991,4981.299999999999,4981.799999999997,4982.300000000002,4982.799999999998,4983.299999999998,4983.799999999997,4984.299999999998,4984.799999999998,4985.2999999999965,0.19998014968534766,2665.853282890778,3703.5664304684105,4218.6517158415245,4379.806609628746,4506.916758153317,4598.899056671962,4679.338201619002,4742.483736093652,4802.690440878395,4856.383450084921,4901.167363968435,4945.321518773835,4982.538514040727,5019.580033436445,5051.052645279466,5082.640962703125,5109.816126760251,5137.373555337037,5161.328006545537,5185.7720871392185
499.99999999999943,1.0,100.0,10.0,10000.0,0.20000000000000004,2185.6999999999994,4181.699999999995,5390.199999999993,5473.599999999996,5476.499999999995,5476.599999999993,5476.599999999993,5476.599999999993,5476.699999999996,5476.699999999996,5476.699999999996,5476.699999999996,5476.699999999996,5476.699999999996,5476.699999999996,5476.699999999991,5476.699999999996,5476.699999999996,5476.699999999996,5476.699999999996,0.19998287622383895,2464.2114685876936,3720.053292501578,4474.205497372082,4817.504120152578,5047.41560994783,5184.369889679015,5285.658189187606,5354.096530482544,5411.148231212897,5455.526505334793,5487.7279196398595,5514.936413818428,5534.053646413771,5549.36164614425,5559.194935063579,5565.971303277613,5569.241107651603,5570.067584248275,5568.719781041861,5565.276926096062
499.99999999999943,1999.9999999999982,9.999999999999995,1.0,10.0,0.20000000000000004,641.1699999999997,798.0599999999996,954.139999999999,1086.2999999999984,1217.3999999999992,1328.2999999999993,1438.0999999999983,1530.5999999999992,1622.1999999999991,1705.4999999999986,1775.4999999999984,1844.6999999999996,1902.7999999999975,1960.0999999999983,2008.1999999999978,2055.5999999999985,2095.3999999999974,2134.4999999999995,2167.299999999997,2199.599999999999,0.19998559551465528,601.0024365363311,904.9108485988824,1136.8723642444454,1285.77576944223,1416.4562256081217,1516.89968043659,1609.948353877064,1685.4072738220314,1758.514089301469,1824.2639212563126,1879.3835208797975,1933.8535630319845,1979.829594128213,2025.5314060334933,2064.315235594238,2103.065035140198,2136.1613958763046,2169.4200050080103,2197.975065412787,2226.7858924750885
100.0,1.0,9.999999999999995,1.0,10.0,0.20000000000000004,100.09999999999994,100.17999999999996,100.25999999999999,100.32999999999987,100.38999999999997,100.44999999999992,100.49999999999993,100.5499999999999,100.58999999999996,100.62999999999997,100.66999999999994,100.7,100.72999999999982,100.7499999999999,100.78000000000002,100.79999999999994,100.8199999999999,100.84000000000016,100.84999999999995,100.86999999999993,0.20000355447241713,100.42974792340463,93.92365507550258,94.78044488504783,98.09181535871959,101.09852262524652,103.35533074727674,105.43183991764553,107.14315304588666,108.84690218546044,110.43176066124045,111.8070703102024,113.21742952226856,114.45429442055946,115.73413687725495,116.86576319794561,118.04593539542655,119.09879050783317,120.20458859277308,121.19754245077856,122.24448152494034
299.99999999999983,499.99999999999943,9.999999999999995,1.0,999.999999999999,0.20000000000000004,341.9799999999998,382.9499999999996,423.2799999999998,457.09999999999957,490.3699999999997,518.2499999999997,545.6599999999999,568.6099999999997,591.1699999999996,611.5499999999994,628.6099999999997,645.3699999999993,659.3899999999999,673.1599999999996,684.6699999999998,695.98,705.4399999999993,714.7199999999996,722.48,730.0999999999996,0.19999171704267818,320.60004879724477,396.9714429809141,453.9236268572431,492.4229829035057,526.6468726053746,553.0832020698086,577.6811238278252,597.7611188395236,617.3723966512861,635.1840598574562,650.2760012872359,665.3711610664644,678.282848991871,691.3054986838071,702.5298530710985,713.9329468222871,723.8438092247076,733.9856048115638,742.859567702072,751.9860303445839
100.0,499.99999999999943,1.0,1.0,10.0,0.20000000000000004,104.91,109.60999999999991,114.64999999999996,119.2599999999999,124.19999999999996,128.71999999999997,133.56999999999994,137.99000000000004,142.73999999999992,147.44999999999996,151.74,156.34999999999988,160.56999999999994,165.08999999999978,169.21999999999989,173.6499999999998,177.70000000000005,182.0399999999999,186.0099999999999,190.26999999999995,0.19999953411519447,96.18260586853107,100.22991492163739,107.78748749264493,115.52826021934068,123.00616348241186,129.07020117039897,134.92045137715377,139.83135856671046,144.73801576283861,149.2903498527953,153.22366166095935,157.2337685708349,160.72994869929414,164.32323518049103,167.47926195193264,170.7454176510961,173.63570853695776,176.6456942501562,179.32475832322163,182.12650230154043
100.0,1999.9999999999982,0.10000000000000005,4.999999999999999,999.999999999999,0.20000000000000004,303.89,305.7900000000001,307.8599999999998,309.7599999999998,311.8199999999998,313.7199999999998,315.7799999999998,317.6799999999999,319.72999999999985,321.77999999999986,323.66999999999973,325.7199999999999,327.59999999999985,329.64999999999975,331.5299999999996,333.5699999999997,335.4499999999996,337.4799999999998,339.35999999999973,341.3899999999997,0.19999445860263232,338.4217952822286,345.9992739138431,352.6502284301454,357.65907976235195,363.81197175091364,369.29273002515447,374.8106625448515,379.6358626416986,384.64300486691445,389.45718412798425,393.7446456763937,398.2403328009386,402.2618762040319,406.4980594106577,410.30342150165694,414.3300702237376,417.9704587396234,421.8398139339728,425.3539596182719,429.0960459855092
499.99999999999943,1499.9999999999989,0.10000000000000005,10.0,999.999999999999,0.20000000000000004,998.3699999999999,999.8099999999991,1001.399999999999,1002.799999999999,1004.3000000000001,1005.7999999999994,1007.2999999999993,1008.6999999999994,1010.3,1011.7999999999993,1013.1999999999996,1014.7999999999986,1016.1999999999995,1017.6999999999996,1019.0999999999984,1020.5999999999985,1022.099999999999,1023.6000000000001,1024.9999999999995,1026.4999999999998,0.1999902444072832,1082.8559213296837,1143.610067039292,1143.5243479818919,1122.916310514182,1106.8680807378205,1095.4225657234392,1085.3914881529342,1078.099544337356,1071.9818417600559,1067.3529397542536,1064.1175581694977,1061.5221073018129,1059.8027642948496,1058.5550112378025,1057.866352404365,1057.5621098128095,1057.6382153287318,1058.0584262399798,1058.730449207146,1059.7105709419159
100.0,1499.9999999999989,9.999999999999995,10.0,10000.0,0.20000000000000004,2185.599999999998,4142.399999999997,5091.399999999995,5252.399999999999,5376.599999999997,5480.499999999995,5583.399999999989,5670.099999999992,5755.899999999996,5833.799999999991,5899.299999999993,5963.900000000001,6018.299999999993,6071.7999999999965,6116.799999999996,6161.099999999993,6198.199999999996,6234.69999999999,6265.399999999997,6295.49999999999,0.19998079382552403,2749.1091571702887,4119.630291613056,4909.050899239334,5237.57512122639,5472.101387783981,5623.9827057005095,5745.732987235876,5834.322378749479,5913.3444522822965,5979.354009418361,6031.054198210342,6078.81794135466,6116.368016307596,6151.068970186965,6178.268144610599,6203.305628004021,6222.947433778186,6240.997177728357,6255.110837096101,6267.93478326275
299.99999999999983,499.99999999999943,9.999999999999995,1.0,10.0,0.20000000000000004,341.8399999999999,382.8099999999998,423.1399999999995,456.95999999999947,490.22999999999985,518.0999999999998,545.5099999999995,568.4699999999996,591.0299999999995,611.4099999999997,628.4699999999997,645.2199999999995,659.2399999999998,673.0099999999995,684.5299999999993,695.8299999999995,705.2899999999997,714.5699999999998,722.3299999999995,729.9499999999996,0.199993745922776,331.4116526554062,398.03023302052327,447.04049586155594,480.4574045037566,508.05948656693374,528.049969147529,545.8049900182856,559.8503648887463,573.2678195253469,585.2322802066017,595.2118668607721,605.0508674289163,613.3493334442758,621.6088836900909,628.6357037132439,635.6880497790353,641.7477526615687,647.8826890686393,653.1968825415107,658.6089144709895
100.0,499.99999999999943,100.0,4.999999999999999,100.0,0.20000000000000004,404.81999999999977,532.2599999999994,588.1599999999994,607.7799999999994,615.7799999999997,618.5099999999998,619.6099999999999,619.9799999999994,620.1299999999997,620.1899999999998,620.1999999999995,620.2099999999998,620.2099999999998,620.2099999999998,620.2199999999993,620.2199999999993,620.2199999999993,620.2199999999993,620.2199999999993,620.2199999999993,0.1999950822289817,516.1777934879893,579.5250311162841,617.1472498774124,639.1230906733493,652.7962894159235,659.950702856456,664.6367831070947,667.6142058288393,670.0919657171308,672.0935736854374,673.6314957423966,675.0391655616796,676.1332731193286,677.140019690309,677.923943213334,678.6508184459133,679.2326135394346,679.7865696535507,680.2436100282113,680.6840804549963
399.9999999999997,499.99999999999943,0.10000000000000005,10.0,999.999999999999,0.20000000000000004,897.8599999999997,898.3399999999989,898.8499999999992,899.3299999999992,899.8499999999993,900.3199999999993,900.8399999999998,901.3099999999995,901.8199999999995,902.3399999999996,902.8099999999993,903.3199999999998,903.7899999999994,904.3099999999994,904.7799999999997,905.2899999999978,905.7599999999996,906.2699999999991,906.7399999999993,907.2399999999993,0.19999108003572336,959.5848363102402,999.1673439049982,994.8741679806388,976.9437971917639,963.1699838775452,953.3953131065085,944.8720012731171,938.7158180033939,933.5937157503041,929.7631215123649,927.1266770742737,925.0590913885954,923.7368883174456,922.8374252101431,922.4085773082828,922.3269482349097,922.5608571950793,923.1068383633362,923.8568467758555,924.8874422248476
399.9999999999997,1.0,9.999999999999995,4.999999999999999,10000.0,0.20000000000000004,2032.1999999999998,2413.399999999998,2421.4999999999973,2421.5999999999985,2421.699999999999,2421.7999999999993,2421.7999999999993,2421.8999999999983,2421.8999999999983,2421.9999999999964,2421.9999999999964,2422.0999999999967,2422.0999999999967,2422.0999999999967,2422.199999999998,2422.1999999999953,2422.199999999998,2422.199999999998,2422.199999999998,2422.2999999999984,0.19998698503200493,1699.3185615191853,2180.519841498318,2412.3705813523884,2493.2899963619766,2537.6423640283424,2557.578355200202,2567.547777165371,2571.83504258517,2573.938337992606,2574.537727194301,2574.159446760206,2572.999997347808,2571.3410669705677,2569.0513832754377,2566.5366419887014,2563.497940333688,2560.4853313541125,2557.063812745024,2553.816053613366,2550.2089627186674
1.0,499.99999999999943,1.0,4.999999999999999,999.999999999999,0.20000000000000004,207.70999999999984,212.4199999999999,217.4599999999998,222.06999999999974,227.01999999999992,231.53999999999988,236.38999999999976,240.82000000000002,245.56999999999982,250.2799999999999,254.57999999999979,259.1899999999997,263.40999999999997,267.93,272.05999999999983,276.4999999999997,280.54999999999995,284.8999999999997,288.86999999999995,293.13,0.19999616113649285,125.46636033287159,146.42196308508295,166.80439671829095,183.7842750248832,199.77228973769124,212.63545544550794,224.9884037245022,235.3065845397354,245.56174743553942,255.0199551458291,263.14223134485485,271.3679971027441,278.48895583907995,285.7528700529666,292.0835177184785,298.5820912606212,304.2856093676174,310.17603946295895,315.3746828681675,320.76662155865245
299.99999999999983,1999.9999999999982,1.0,4.999999999999999,100.0,0.20000000000000004,337.6199999999997,356.30999999999995,376.35999999999956,394.69999999999976,414.35999999999984,432.33999999999946,451.6199999999998,469.24999999999966,488.1600000000001,506.8799999999998,523.9899999999998,542.3399999999998,559.1199999999995,577.1199999999993,593.5699999999998,611.2199999999992,627.3599999999997,644.66,660.4899999999996,677.4599999999999,0.19999184042604423,284.878031667967,346.3796495758737,393.21433971036805,425.4843141747951,455.1633917597028,478.6866420612578,500.9713782361293,519.3985894837618,537.5732783410597,554.2253653311249,568.4453728179882,582.7748717852569,595.1223518978647,607.6657074114435,618.554178963754,629.6927377670556,639.4386495395717,649.4762376940497,658.3143659137437,667.4597472636842
1.0,499.99999999999943,9.999999999999995,10.0,10000.0,0.20000000000000004,2185.599999999998,4125.999999999996,4961.799999999994,5039.099999999992,5082.299999999994,5117.700000000002,5152.499999999991,5181.599999999995,5210.299999999997,5236.199999999997,5257.899999999998,5279.199999999994,5297.099999999989,5314.6,5329.299999999999,5343.699999999996,5355.699999999998,5367.599999999994,5377.499999999995,5387.199999999995,0.1999840003493748,2234.3030250394513,3240.008407726293,3818.09765601514,4071.025823271386,4235.125760968391,4329.392054584513,4396.547361817204,4440.532876160415,4476.301013472297,4503.457459605951,4522.64062701325,4538.3142312917535,4548.800983754903,4556.601867188665,4560.973896197037,4563.185102102619,4563.300917131458,4561.692844166093,4558.878353790463,4554.581089235247
399.9999999999997,499.99999999999943,100.0,10.0,999.999999999999,0.20000000000000004,1092.8,1269.9999999999998,1350.4999999999998,1379.1999999999994,1390.9999999999993,1394.9999999999993,1396.6999999999987,1397.1999999999987,1397.3999999999996,1397.499999999999,1397.499999999999,1397.5999999999985,1397.5999999999985,1397.5999999999985,1397.5999999999985,1397.5999999999985,1397.5999999999985,1397.5999999999985,1397.5999999999985,1397.5999999999985,0.1999907263412854,953.4133662540061,1159.2973224994805,1267.2298201124593,1315.8851464606855,1345.348002401729,1360.546056765421,1370.189058733212,1376.0199316424525,1380.5909575444684,1384.0290914441107,1386.4628444840569,1388.4790815109195,1389.8515833219196,1390.9130235407506,1391.5487662184914,1391.9461821126536,1392.1010257467021,1392.0871093181256,1391.9451272685012,1391.664687392742
399.9999999999997,1999.9999999999982,9.999999999999995,10.0,10000.0,0.20000000000000004,2185.599999999998,4174.9999999999945,5360.999999999995,5583.599999999996,5748.899999999998,5887.399999999997,6024.999999999998,6141.299999999997,6256.599999999991,6361.599999999997,6450.0999999999985,6537.699999999992,6611.399999999997,6684.199999999991,6745.399999999995,6805.7999999999865,6856.499999999988,6906.4000000000015,6948.399999999996,6989.599999999991,0.19997986102796972,2913.4324827980276,4396.4518125316035,5248.150223310485,5595.603019742884,5850.516411099767,6020.735909049752,6160.846987750283,6264.991047401853,6359.5024106940855,6439.750074845038,6503.610220967588,6563.606519536609,6611.669314770805,6657.012788167242,6693.408889983749,6727.807201166569,6755.595219212442,6781.98417792409,6803.396972303625,6823.722603080884
299.99999999999983,499.99999999999943,100.0,10.0,10000.0,0.20000000000000004,2185.599999999998,4166.699999999999,5341.399999999994,5602.399999999991,5710.599999999994,5750.099999999999,5766.500000000002,5772.099999999989,5774.399999999994,5775.199999999996,5775.499999999993,5775.5999999999985,5775.5999999999985,5775.5999999999985,5775.699999999995,5775.699999999989,5775.699999999995,5775.699999999995,5775.699999999995,5775.699999999995,0.1999820272532351,2594.661622070966,3936.3342028277175,4738.041835474845,5096.043933195225,5341.384311829296,5492.036737453944,5606.918051027957,5686.787247884182,5755.1458134144505,5809.847088473663,5850.806228646461,5886.764884715638,5913.348903160817,5936.161230512873,5952.430963052522,5965.708767322673,5974.5930146617975,5981.122510555578,5984.727556190348,5986.334706268931
100.0,999.999999999999,100.0,10.0,999.999999999999,0.20000000000000004,1011.8999999999992,1334.7999999999984,1496.6999999999985,1557.6999999999982,1583.1999999999982,1591.9999999999995,1595.599999999999,1596.7999999999988,1597.2999999999984,1597.4999999999982,1597.4999999999982,1597.5999999999983,1597.5999999999983,1597.5999999999983,1597.5999999999983,1597.5999999999983,1597.5999999999983,1597.5999999999983,1597.5999999999983,1597.5999999999983,0.1999895845363808,993.2528903138602,1272.439188640565,1432.3385437668799,1511.2663620092167,1563.8955628406543,1594.828673363802,1617.6190104853415,1633.228571735894,1646.6004842023356,1657.419929233686,1665.6558508754172,1673.0537952767925,1678.6841255366464,1683.7078255754468,1687.4820769754933,1690.7987994371522,1693.2678517342017,1695.4047097820921,1696.9618514475078,1698.2495526965183
299.99999999999983,1.0,100.0,10.0,10000.0,0.20000000000000004,2185.599999999998,4166.200000000001,5214.299999999996,5274.399999999993,5276.499999999996,5276.5999999999985,5276.5999999999985,5276.5999999999985,5276.699999999999,5276.699999999999,5276.699999999999,5276.699999999999,5276.699999999999,5276.699999999999,5276.699999999999,5276.699999999999,5276.699999999999,5276.699999999999,5276.699999999999,5276.699999999999,0.19998312722384076,2430.884024797532,3671.2120872040646,4419.158945073633,4762.708745127101,4991.223486862859,5126.027845275397,5224.709366203116,5290.711646235461,5345.187550050704,5387.088021937349,5417.096675191296,5442.03058265571,5459.138010453371,5472.359945303481,5480.3487449438535,5485.208251353912,5486.778244535711,5485.83479579958,5482.9134655407815,5477.830332312718
1.0,1499.9999999999989,1.0,4.999999999999999,10000.0,0.20000000000000004,1824.199999999999,2031.3999999999992,2050.0999999999995,2063.999999999998,2079.0,2092.5999999999985,2107.2999999999997,2120.599999999998,2134.9999999999986,2149.199999999997,2162.1999999999985,2176.0999999999967,2188.799999999999,2202.499999999998,2214.9999999999995,2228.399999999996,2240.5999999999976,2253.6999999999966,2265.699999999996,2278.599999999999,0.19998592481533142,1312.1756721032434,1733.5863690617825,1965.9514447311535,2067.93345363227,2143.6631459333253,2194.368916888775,2236.4155041375866,2268.119922203614,2297.4189972532126,2322.833691364852,2343.5153832154665,2363.4282449523353,2379.8149379392253,2395.7375369291954,2408.941999534182,2421.8768627186973,2432.738333224016,2443.4939794416514,2452.6230610782777,2461.722273178796
199.99999999999983,999.999999999999,0.10000000000000005,10.0,100.0,0.20000000000000004,250.6999999999997,251.64999999999995,252.68999999999997,253.64000000000004,254.6699999999999,255.6200000000001,256.6499999999998,257.6,258.62999999999977,259.64999999999986,260.5999999999998,261.6199999999999,262.5599999999998,263.5899999999998,264.5299999999998,265.54999999999984,266.48999999999995,267.5099999999998,268.44,269.4599999999997,0.19999776532422112,295.176926369054,274.89666563226604,266.6096201349733,263.79689842541075,262.7457016006351,262.47215920798175,262.5519855893496,262.91209905185343,263.5484041530319,264.38268676634544,265.28442289447065,266.3742993426371,267.4607778303979,268.7104824510495,269.9161288878003,271.27320297246035,272.5671545457848,274.0075455561123,275.3707463070651,276.87394544004644
299.99999999999983,499.99999999999943,1.0,4.999999999999999,999.999999999999,0.20000000000000004,506.00999999999925,510.72000000000014,515.7699999999995,520.3899999999998,525.3399999999993,529.8699999999998,534.7300000000001,539.1699999999997,543.9299999999997,548.6399999999998,552.9399999999999,557.5599999999994,561.7899999999994,566.3099999999991,570.4499999999996,574.8899999999998,578.9499999999997,583.3,587.2799999999997,591.5499999999998,0.19999310063999307,418.4676752504345,462.30454139097793,490.0165626885005,506.6067402177003,521.3083805641094,532.4833588342123,542.7434270196342,551.141702741423,559.435430619006,567.0817528894082,573.6588368470684,580.3433065937054,586.152846392411,592.1115196042263,597.3327481063128,602.7312567911684,607.5087564243355,612.4876719648979,616.927163632614,621.574883821201
199.99999999999983,1499.9999999999989,9.999999999999995,1.0,10000.0,0.20000000000000004,327.83000000000004,446.08000000000004,563.31,662.2399999999998,760.1399999999995,842.6299999999995,924.1499999999996,992.729999999999,1060.3999999999987,1121.7999999999993,1173.3999999999994,1224.1999999999991,1266.8999999999999,1308.7999999999984,1344.0999999999992,1378.6999999999975,1407.6999999999991,1436.2999999999977,1460.1999999999994,1483.6999999999996,0.1999865680106094,345.16988457631595,502.7123637683321,630.1066229304628,718.0159464394638,800.9227407160503,868.4508713807302,933.8229474589257,988.6415519486526,1043.196863625766,1093.4833277897299,1136.583413019845,1180.0901629045163,1217.5931135753526,1255.6485430766045,1288.6152360932897,1322.225719186446,1351.5080864316596,1381.5130885417045,1407.775701219074,1434.7847278170702
199.99999999999983,999.999999999999,1.0,4.999999999999999,999.999999999999,0.20000000000000004,410.32999999999964,419.71999999999974,429.7999999999997,439.00999999999965,448.8899999999997,457.91999999999956,467.60999999999996,476.4699999999996,485.95999999999987,495.35999999999996,503.95999999999935,513.1699999999994,521.5999999999997,530.64,538.8999999999993,547.7599999999991,555.8499999999998,564.5399999999995,572.4799999999994,580.9999999999993,0.19999360022812696,367.39813351958514,402.5779286973284,426.4619140470629,441.78519112935174,455.7136489316123,466.49306987583293,476.5142831466273,484.7709394270811,492.9509927911194,500.50703915499156,507.0159954212319,513.6392286561845,519.4027278974919,525.3204422245965,530.5116444509081,535.8837130704966,540.6409507254532,545.6012733365981,550.025529091473,554.6591784441439
1.0,1499.9999999999989,1.0,4.999999999999999,999.999999999999,0.20000000000000004,216.78999999999994,230.83999999999992,245.90000000000003,259.67999999999984,274.44999999999976,287.9599999999998,302.43999999999994,315.6899999999997,329.8899999999998,343.94999999999965,356.80999999999983,370.5899999999997,383.1899999999998,396.7099999999998,409.06999999999965,422.31999999999994,434.4399999999996,447.4399999999996,459.3200000000001,472.0599999999997,0.1999919769161578,144.33240323082245,191.81660722255862,234.59354302587582,268.12201018142935,300.5146554414343,327.2864969594649,353.52611953038087,375.75569575110114,398.07311320584427,418.81716871553556,436.7343355878979,454.9570985765451,470.78290361297763,486.9602277686248,501.07794487592383,515.5759795393132,528.2968801707613,541.4229402517382,552.9904767730204,564.967661244196
100.0,499.99999999999943,0.10000000000000005,1.0,10000.0,0.20000000000000004,101.98999999999992,102.46999999999989,102.99000000000011,103.45999999999998,103.9799999999998,104.4499999999999,104.97000000000016,105.4399999999999,105.95999999999995,106.46999999999997,106.93999999999994,107.45000000000002,107.92999999999988,108.43999999999996,108.90999999999995,109.41999999999997,109.88999999999987,110.40000000000003,110.86999999999986,111.37000000000005,0.2000012168766191,113.72539394587082,102.30662540678316,100.3039302931273,101.61252977462262,103.66172549955685,105.61903668013052,107.6734281596337,109.50930509587775,111.43740394243495,113.3075299425071,114.98549559774663,116.75702365971834,118.35259975328051,120.0439416959488,121.57309012822394,123.20037927705562,124.6790262459983,126.25800271537113,127.69778520382386,129.2374348691908
100.0,1499.9999999999989,1.0,4.999999999999999,999.999999999999,0.20000000000000004,315.09999999999974,329.1499999999998,344.2199999999998,357.9999999999998,372.78999999999974,386.3,400.7899999999996,414.0400000000001,428.25000000000017,442.3199999999997,455.1800000000001,468.96999999999974,481.5799999999995,495.09999999999974,507.4699999999999,520.7299999999992,532.85,545.8499999999999,557.7399999999998,570.4800000000001,0.19999305121114416,288.13392012458115,330.86291496629724,363.0710628577145,385.3194979882354,405.90794952079546,422.2126741114361,437.63112336902617,450.38873477230504,462.9974830361922,474.58424522719906,484.51086480453984,494.55113637402434,503.23708302984835,512.0993603198218,519.8269826818107,527.7706482474072,534.7563648674388,541.9886133981812,548.3911434356253,555.0509184305902
199.99999999999983,499.99999999999943,9.999999999999995,1.0,10.0,0.20000000000000004,243.9599999999999,284.73999999999967,324.8900000000001,358.5499999999998,391.6699999999995,419.4199999999999,446.69999999999993,469.5499999999999,491.9999999999998,512.2899999999995,529.2699999999999,545.9499999999997,559.8999999999993,573.6099999999996,585.0699999999995,596.3199999999988,605.74,614.9799999999996,622.6999999999996,630.2799999999997,0.1999940350295497,248.456949722275,305.1024006373525,350.4363895446863,383.43490597494235,411.94491090954307,433.40291670869294,453.0212397992273,468.8350472965617,484.1299692401575,497.8998014943246,509.47493243372105,520.9637302155726,530.715016763215,540.474705180242,548.8223359261989,557.2383879579007,564.4980369921085,571.8721013343453,578.2767091988228,584.8163302168314
399.9999999999997,1.0,1.0,4.999999999999999,10000.0,0.20000000000000004,2032.1999999999998,2413.299999999998,2421.2999999999984,2421.3999999999974,2421.3999999999974,2421.4999999999973,2421.4999999999973,2421.4999999999973,2421.4999999999973,2421.4999999999973,2421.4999999999973,2421.4999999999973,2421.4999999999973,2421.4999999999973,2421.4999999999973,2421.4999999999973,2421.5999999999985,2421.5999999999985,2421.5999999999985,2421.5999999999985,0.19998587396111908,1765.7341739280462,2206.023890062579,2396.9422943868794,2446.6510196565305,2475.4135850324337,2489.97592206871,2498.783641958447,2504.1523375136194,2508.6802380051395,2512.5003925954734,2515.5724463072906,2518.52288286153,2520.9190618352354,2523.2358091045357,2525.120882263024,2526.9680612079496,2528.545029756904,2530.1515791924526,2531.58317301209,2533.0610420712665
499.99999999999943,1499.9999999999989,9.999999999999995,10.0,999.999999999999,0.20000000000000004,1071.4999999999998,1193.9999999999998,1315.3999999999992,1417.9999999999989,1519.4999999999986,1605.0999999999983,1689.699999999999,1760.8999999999985,1831.0999999999972,1894.8999999999999,1948.4999999999998,2001.1999999999985,2045.5999999999972,2089.199999999999,2125.8,2161.799999999997,2191.9999999999986,2221.6999999999975,2246.499999999998,2270.999999999998,0.19998628534692403,960.1883083730789,1300.0315178719236,1510.9816305629258,1620.865475907078,1709.4087434903881,1772.9960327526367,1828.8452963967145,1872.5545448403707,1913.8997125818908,1950.3992384455917,1980.5456478231722,2009.967164584872,2034.519429903074,2058.691943708894,2079.020680773964,2099.1868848083623,2116.3145971099407,2133.45289155054,2148.128619024172,2162.8978558035788
299.99999999999983,999.999999999999,1.0,1.0,100.0,0.20000000000000004,308.8699999999999,318.2599999999999,328.3299999999999,337.53,347.40999999999985,356.43000000000006,366.11,374.95999999999964,384.44999999999953,393.84999999999957,402.42999999999984,411.64999999999975,420.05999999999966,429.0999999999997,437.3499999999997,446.1999999999997,454.3,462.97999999999973,470.9099999999997,479.42,0.1999941859258153,280.48216261722075,314.4093383556258,340.6019272065945,359.21589461185033,376.0772338923295,389.1755797382411,401.40458178068394,411.45220403933394,421.3444939171957,430.4124551732904,438.1672614138398,446.00040827380366,452.7689385463566,459.6688414639562,465.6806361702358,471.8577121641117,477.28862403598555,482.9110586950117,487.88930710616467,493.06834892959097
399.9999999999997,999.999999999999,1.0,1.0,10.0,0.20000000000000004,408.3899999999999,417.7799999999998,427.8599999999997,437.0699999999998,446.93999999999977,455.96999999999974,465.65999999999985,474.51,484.0099999999997,493.40999999999957,501.9999999999994,511.2099999999998,519.6399999999995,528.67,536.9299999999997,545.7899999999997,553.8799999999994,562.5699999999995,570.5100000000001,579.0199999999996,0.19999363741524306,365.02373003513003,407.9337219363287,437.3897009262186,456.46885269519584,473.08457289924615,485.58780099135237,497.00001970372824,506.26677644417646,515.3390767309529,523.6294323484856,530.7039829009863,537.8392096182827,543.9956760799716,550.2654238302692,555.7224636559598,561.3270553148453,566.2544879879016,571.3571928930779,575.8785136227509,580.5845832547429
199.99999999999983,999.999999999999,9.999999999999995,1.0,10.0,0.20000000000000004,286.0899999999996,366.26999999999975,445.4799999999994,512.1199999999998,577.8699999999999,633.1199999999999,687.5799999999995,733.2999999999998,778.3199999999997,819.0799999999994,853.2599999999987,886.879999999999,915.0499999999995,942.7499999999991,965.9499999999992,988.7599999999983,1007.8000000000001,1026.5999999999995,1042.2999999999997,1057.6999999999991,0.19998990370276615,286.90554178426186,402.87564529466016,497.97666388632837,566.0229042605513,627.4808070351596,675.6677071974566,721.0563401726481,758.3619242968442,794.912293109892,828.1345453518474,856.258818530598,884.3188748682489,908.232323017394,932.2316909195486,952.7976790032242,973.5458084111551,991.4380254227448,1009.5909953116288,1025.3256441856104,1041.354409901972
1.0,499.99999999999943,0.10000000000000005,4.999999999999999,100.0,0.20000000000000004,21.72699999999999,22.204,22.720999999999986,23.197,23.712999999999994,24.18799999999999,24.701999999999995,25.177000000000003,25.68999999999999,26.202999999999985,26.675999999999988,27.187999999999988,27.65999999999999,28.17099999999999,28.64199999999999,29.15199999999999,29.621999999999996,30.130999999999986,30.599999999999994,31.107999999999993,0.20000778342129524,21.913936035912247,18.64043307250558,18.67163052099557,19.744563282387055,20.992592670319908,22.107085974391513,23.250850326454426,24.25285899392827,25.286857898219672,26.274015457019356,27.148662061850125,28.061754472230046,28.87626781627182,29.731927762577758,30.49960945321921,31.31034558253531,32.041737786698356,32.8175162838915,33.52020619645125,34.26755340453273
199.99999999999983,999.999999999999,9.999999999999995,10.0,100.0,0.20000000000000004,333.6099999999998,413.96999999999946,493.3799999999999,560.1699999999995,626.0899999999995,681.4699999999995,736.0599999999995,781.8899999999995,827.0299999999996,867.8899999999994,902.1499999999992,935.8599999999997,964.0999999999989,991.8799999999992,1015.0999999999985,1037.9999999999995,1057.0999999999995,1075.8999999999994,1091.699999999999,1107.0999999999985,0.19998924547448077,309.84726725019624,431.97273344520215,530.1354635032269,598.9465933806778,661.5596483914792,710.9984482661644,757.7916293902364,796.3914114071688,834.3223420378456,868.8983529467919,898.2488363200732,927.6143944647648,952.7136265287485,977.979287531609,999.6978566555696,1021.6790516523637,1040.696560019543,1060.0549059922648,1076.8912773095358,1094.100237420667
299.99999999999983,1.0,9.999999999999995,10.0,999.999999999999,0.20000000000000004,797.6299999999995,797.7099999999994,797.7999999999994,797.8699999999994,797.9399999999991,797.9899999999992,798.049999999999,798.0999999999992,798.1399999999998,798.1799999999995,798.219999999999,798.2499999999993,798.2799999999993,798.309999999999,798.3299999999994,798.359999999999,798.3699999999993,798.3899999999993,798.41,798.419999999999,0.19999503347763412,730.5998692204811,777.88949815531,793.8258938782756,797.2579691910698,793.7358472459804,787.4072773082974,779.6770484211202,772.8758680507356,766.2312410033413,760.3453754454803,755.4936223393472,750.7776709206059,746.8387796706991,742.961344898692,739.6855353118913,736.4348527895204,733.6820552927448,730.9433650798848,728.6218235895027,726.3010152579054
100.0,499.99999999999943,100.0,4.999999999999999,999.999999999999,0.20000000000000004,565.7199999999995,704.9899999999997,766.6299999999995,788.3499999999997,797.2199999999998,800.2499999999997,801.4699999999996,801.879999999999,802.0499999999988,802.1099999999996,802.1299999999994,802.1399999999993,802.1399999999993,802.1399999999993,802.1399999999993,802.1399999999993,802.1399999999993,802.1399999999993,802.1399999999993,802.1399999999993,0.19999391641139969,648.6223356702566,745.1050389946919,798.2260720237124,825.9719644622346,842.0625214267543,849.6422821006095,853.8940734457791,856.151817823661,857.7334143718756,858.8019704647705,859.4697813059126,859.937216994176,860.167147734569,860.2465081088365,860.1822230863802,860.0031939336923,859.7633394862667,859.4450526867001,859.1147148694381,858.720335347531
499.99999999999943,999.999999999999,9.999999999999995,10.0,100.0,0.20000000000000004,621.0399999999998,702.4699999999999,782.9199999999993,850.6099999999996,917.4099999999994,973.5499999999995,1028.899999999999,1075.2999999999997,1121.0999999999995,1162.4999999999986,1197.2999999999997,1231.3999999999996,1260.099999999999,1288.1999999999998,1311.7999999999988,1334.999999999999,1354.3999999999992,1373.4999999999984,1389.3999999999999,1405.0999999999979,0.19998857810778845,483.02453090375633,656.0851106611474,781.5544577872666,861.2515330912303,930.3667694431648,982.9036405740167,1031.1832758547355,1070.1698705132026,1107.8741250456724,1141.7784581085043,1170.22826788109,1198.399514769415,1222.2447842395986,1246.0355962524952,1266.3126658533981,1286.6767119778247,1304.1706891504423,1321.862763884588,1337.159513870535,1352.7054545690385
299.99999999999983,999.999999999999,9.999999999999995,1.0,10000.0,0.20000000000000004,383.3099999999996,463.8499999999998,543.4199999999996,610.3599999999996,676.4099999999996,731.9199999999994,786.6299999999995,832.5599999999997,877.7999999999993,918.7499999999993,953.0899999999989,986.8699999999995,1015.1999999999996,1042.999999999999,1066.2999999999984,1089.1999999999994,1108.3999999999992,1127.2999999999993,1142.9999999999984,1158.4999999999993,0.19998867872679188,367.8242774658869,492.2533678517698,586.0949859056203,648.265869238648,705.2376883320396,750.5063333867657,793.4887064916815,829.0368338183591,864.0566550051539,896.0719148452275,923.3353222085784,950.7131605221309,974.2102922208907,997.971986087537,1018.4979160040232,1039.3824268653927,1057.552191323031,1076.1548973107504,1092.4330744012916,1109.17304600779
199.99999999999983,1.0,100.0,10.0,100.0,0.20000000000000004,250.37999999999985,250.63,250.72999999999982,250.7599999999999,250.77999999999997,250.77999999999997,250.77999999999997,250.78999999999994,250.78999999999994,250.78999999999994,250.78999999999994,250.78999999999994,250.78999999999994,250.78999999999994,250.78999999999994,250.78999999999994,250.78999999999994,250.78999999999994,250.78999999999994,250.78999999999994,0.20000070006026868,227.97455830741873,230.81334369082654,237.77038432976715,245.5482636089966,250.7088613473301,253.55878288804513,255.58064953789616,256.98468373793355,258.2517396343917,259.3575447485499,260.272441421127,261.1749462219934,261.93661285382086,262.6992430495923,263.35181210277005,264.015288344747,264.5955360498092,265.19614159850084,265.7301518417744,266.2874131690777
100.0,1999.9999999999982,0.10000000000000005,10.0,10000.0,0.20000000000000004,2185.599999999998,4141.999999999997,5032.399999999994,5077.0,5080.399999999992,5082.299999999994,5084.399999999997,5086.299999999996,5088.299999999996,5090.399999999992,5092.299999999995,5094.300000000003,5096.199999999999,5098.300000000001,5100.200000000002,5102.199999999996,5104.099999999995,5106.0999999999985,5107.999999999992,5109.999999999991,0.1999789223916376,2842.646109788567,3930.8359272351668,4452.340322562983,4597.095455679075,4722.38446417139,4820.336139123175,4910.535090033426,4983.89532804384,5055.6276716692155,5120.97455940311,5176.496832500314,5232.201460353795,5279.9768890541845,5328.332495306703,5370.118304791492,5412.739757762463,5449.972768963519,5488.283302770019,5522.044431426623,5556.965920499301
499.99999999999943,1999.9999999999982,9.999999999999995,4.999999999999999,10000.0,0.20000000000000004,2070.899999999997,2622.699999999998,2802.3999999999996,2948.2999999999975,3093.1999999999994,3215.7999999999997,3337.3999999999955,3440.1000000000004,3541.6999999999944,3634.1999999999985,3712.0999999999926,3788.999999999999,3853.699999999997,3917.6000000000004,3971.199999999996,4024.099999999996,4068.499999999993,4112.199999999997,4148.899999999996,4184.999999999999,0.19998361228060668,2176.626220730249,2989.5979120854154,3411.528150954579,3567.892447049866,3671.6731609315616,3733.965124812926,3780.4746290063217,3812.7439145462654,3840.734516666339,3863.6679739929446,3881.333894699757,3897.398422155713,3909.7904751554747,3921.020474142232,3929.605377845956,3937.312664677483,3943.205970484779,3948.4763169209286,3952.48890286332,3956.0010969150867
499.99999999999943,499.99999999999943,1.0,10.0,100.0,0.20000000000000004,553.6299999999998,558.3399999999995,563.3899999999995,568.0099999999998,572.9599999999995,577.4899999999998,582.3499999999992,586.7799999999996,591.5399999999997,596.2599999999998,600.5599999999997,605.1799999999998,609.3999999999994,613.9299999999994,618.0699999999995,622.5099999999998,626.5699999999997,630.92,634.8999999999993,639.17,0.19999331525985142,485.6700376582127,527.5000658226193,550.9876204633589,563.5519137344531,574.1290015883653,581.7853376618574,588.586987258605,594.116125377203,599.612367001418,604.7369766960664,609.1928161764647,613.7701575913391,617.7863843276039,621.9449349553357,625.6195378568935,629.4528554800589,632.8757389889643,636.4746805840746,639.7129108200745,643.1300121242368
499.99999999999943,499.99999999999943,9.999999999999995,4.999999999999999,10000.0,0.20000000000000004,2069.199999999998,2540.7999999999975,2595.4999999999977,2633.699999999998,2671.199999999996,2702.6999999999985,2733.5999999999976,2759.4999999999995,2784.9999999999995,2807.999999999997,2827.299999999998,2846.2999999999997,2862.0999999999985,2877.6999999999985,2890.699999999999,2903.499999999998,2914.199999999999,2924.6999999999985,2933.4999999999973,2942.0999999999976,0.1999858105507373,1830.469458906785,2377.567924871256,2641.4800747400664,2731.003174652892,2784.214589409618,2811.813991838455,2829.205712244627,2839.641081806475,2847.7716539410753,2853.843226460797,2858.0921616588935,2861.5495340012317,2863.8295859039276,2865.504156483216,2866.3970266070687,2866.8132108169657,2866.798845247573,2866.440959847842,2865.8727723313746,2865.0178032267777
100.0,1.0,0.10000000000000005,10.0,10000.0,0.20000000000000004,2185.599999999998,4141.999999999997,5031.499999999993,5074.300000000002,5075.600000000001,5075.6999999999925,5075.6999999999925,5075.6999999999925,5075.6999999999925,5075.6999999999925,5075.6999999999925,5075.6999999999925,5075.6999999999925,5075.6999999999925,5075.6999999999925,5075.699999999987,5075.6999999999925,5075.6999999999925,5075.6999999999925,5075.6999999999925,0.19998078617671736,2536.1108185702724,3465.844849709962,3916.71976782813,4052.4041849855284,4158.404570021408,4234.542385010308,4300.7146168487425,4352.568284111091,4402.051332818847,4446.267770209474,4483.223824854283,4519.741496098539,4550.587393933011,4581.3588858474495,4607.561114897443,4633.925418300575,4656.6679113121445,4679.7959390533415,4699.962430204849,4720.600437056586
1.0,499.99999999999943,1.0,10.0,10000.0,0.20000000000000004,2185.599999999998,4125.799999999998,4941.699999999996,4982.399999999992,4988.599999999994,4993.199999999993,4998.199999999998,5002.799999999995,5007.599999999993,5012.499999999996,5016.899999999999,5021.599999999995,5025.899999999992,5030.5,5034.7999999999965,5039.299999999991,5043.499999999995,5047.899999999998,5051.999999999993,5056.399999999997,0.19998112518344477,2646.9076275107946,3879.7691689548196,4568.487698423341,4843.622289595157,5039.840470029581,5167.154265115276,5269.391789902785,5344.072627055569,5411.042453555406,5467.348203332531,5511.755280430382,5553.104746829284,5585.9031842690465,5616.527159657598,5640.8173212814,5663.492146442605,5681.573691266582,5698.509819180149,5712.055813893998,5724.698010720779
299.99999999999983,1499.9999999999989,100.0,10.0,10000.0,0.20000000000000004,2185.599999999998,4167.699999999997,5529.099999999993,6134.599999999991,6498.500000000001,6658.899999999998,6732.39999999999,6758.799999999991,6769.600000000001,6773.5,6774.8,6775.3999999999905,6775.5,6775.5999999999985,6775.5999999999985,6775.599999999991,6775.699999999991,6775.699999999991,6775.699999999991,6775.699999999991,0.19998099726165033,2806.8772104613295,4362.61204985185,5311.513916893302,5740.0625877018265,6040.767182273167,6230.378105439701,6378.619482470851,6483.794386339934,6575.294299045761,6649.673819275153,6706.275911087065,6756.88474785,6795.1596105598865,6828.936678032588,6853.951255545022,6875.416343754972,6890.832924035421,6903.470628674333,6911.934198595377,6918.0533335323125
199.99999999999983,499.99999999999943,100.0,4.999999999999999,999.999999999999,0.20000000000000004,655.4599999999998,800.4999999999992,864.9299999999995,887.6799999999996,896.9899999999997,900.1599999999995,901.44,901.8699999999992,902.0399999999988,902.1099999999996,902.1299999999991,902.1399999999998,902.1399999999998,902.1399999999998,902.1399999999998,902.1399999999998,902.1399999999998,902.1399999999998,902.1399999999998,902.1399999999998,0.19999351620680425,703.9927403975448,806.3668227931464,859.9392549022557,886.0159975813378,900.3457937027009,906.4563072556476,909.3010145779393,910.4350078789926,910.9673389915943,911.133194795494,911.0745901773133,910.8516661124125,910.5190644913296,910.0581470110968,909.5493237397902,908.9402974463529,908.345367846758,907.6824290868617,907.067156417233,906.395264107247
199.99999999999983,1999.9999999999982,100.0,1.0,999.999999999999,0.20000000000000004,1038.6999999999998,1613.899999999998,1955.499999999997,2099.4999999999986,2163.2999999999993,2185.799999999999,2194.9999999999995,2198.199999999997,2199.4999999999973,2199.899999999998,2200.099999999999,2200.099999999999,2200.099999999999,2200.099999999999,2200.099999999999,2200.0999999999967,2200.099999999999,2200.099999999999,2200.099999999999,2200.099999999999,0.19998759931483093,1082.8340051565906,1471.1114513846226,1708.6357406786462,1831.2659225944276,1920.010483940233,1977.2847909049824,2023.32725728082,2056.99485156379,2087.203359040898,2112.618846366322,2132.6875347686373,2151.4062284793636,2166.289988768898,2180.2245855374645,2191.322197903909,2201.725097189793,2210.0553917845764,2217.8954863430436,2224.19248551616,2230.106580684262
299.99999999999983,1499.9999999999989,0.10000000000000005,10.0,10000.0,0.20000000000000004,2185.599999999998,4166.200000000001,5214.599999999997,5275.6,5278.999999999997,5280.499999999991,5281.999999999993,5283.499999999995,5284.999999999998,5286.6,5288.000000000001,5289.499999999995,5290.899999999997,5292.499999999993,5293.899999999997,5295.399999999997,5296.800000000002,5298.399999999999,5299.799999999999,5301.299999999995,0.19997871553693425,2879.0860234794704,3986.772517534751,4517.057856143206,4662.980200979088,4790.710779173697,4891.415817780987,4984.649427908791,5060.729288349649,5135.278944930814,5203.30530595008,5261.185206766543,5319.329687435414,5369.260937131915,5419.858794064438,5463.634498225896,5508.334606263284,5547.422768216332,5587.679465592761,5623.185298274642,5659.942091714412
399.9999999999997,499.99999999999943,0.10000000000000005,10.0,100.0,0.20000000000000004,450.19999999999965,450.67,451.18999999999977,451.66999999999996,452.18,452.65999999999974,453.1699999999999,453.65000000000003,454.15999999999974,454.66999999999973,455.1499999999996,455.65999999999985,456.12999999999994,456.63999999999993,457.1099999999996,457.619999999999,458.0899999999996,458.59999999999945,459.07000000000005,459.5799999999996,0.19999461005958094,480.3970034830991,479.8542622203682,477.1716701181818,474.4995268130353,473.4907452497118,473.17081497045825,473.1610084320904,473.50542215808844,474.2242908727675,475.2348410270488,476.3638211721494,477.7561354742993,479.16059029627405,480.79020643642195,482.3705095565026,484.1580475038529,485.8700042383391,487.7830105165292,489.60045710217423,491.6093181942028
1.0,1499.9999999999989,100.0,4.999999999999999,100.0,0.20000000000000004,757.6099999999991,1165.0999999999995,1381.2000000000003,1465.1999999999996,1500.999999999998,1513.3999999999983,1518.3999999999999,1520.0999999999985,1520.799999999999,1521.099999999999,1521.199999999999,1521.199999999999,1521.199999999999,1521.199999999999,1521.199999999999,1521.199999999999,1521.199999999999,1521.199999999999,1521.199999999999,1521.199999999999,0.19998915910841686,665.3531468947443,948.1121943148634,1151.6111363283142,1278.7737198162313,1378.1718218597975,1446.7453219762583,1505.0938653643857,1549.4725657235672,1590.3620067544755,1625.5001858633489,1653.760981719361,1680.5797796247002,1702.2956597046796,1722.995184861355,1739.8111866647264,1755.8835462625204,1769.004036208078,1781.5946979008456,1791.901824239142,1801.797340268578
299.99999999999983,1499.9999999999989,100.0,1.0,100.0,0.20000000000000004,960.649999999999,1402.2999999999995,1641.8999999999996,1736.3999999999994,1776.9999999999986,1791.0999999999985,1796.7999999999995,1798.7999999999993,1799.5999999999983,1799.8999999999996,1799.9999999999998,1799.9999999999998,1799.9999999999998,1799.9999999999998,1799.9999999999998,1799.999999999998,1799.9999999999998,1799.9999999999998,1799.9999999999998,1799.9999999999998,0.19998898462449502,1037.701288064695,1354.3680618447693,1539.0283312195177,1631.1126102822268,1693.780473670275,1731.541503515719,1760.042378415367,1779.915483896884,1797.1450289213928,1811.2189576429482,1822.0269062302166,1831.8229164929162,1839.3598325782789,1846.1666763071687,1851.3601542591407,1856.0040751657862,1859.531602140469,1862.6588115947593,1865.004681473692,1867.0265870578287
399.9999999999997,1.0,100.0,10.0,999.999999999999,0.20000000000000004,898.0099999999996,898.3499999999991,898.4899999999991,898.5399999999996,898.5599999999996,898.5599999999996,898.5599999999996,898.5599999999996,898.5699999999996,898.5699999999996,898.5699999999996,898.5699999999996,898.5699999999996,898.5699999999996,898.5699999999996,898.5699999999996,898.5699999999996,898.5699999999996,898.5699999999996,898.5699999999996,0.19999536045308583,856.629490231066,927.7469202505085,952.077990789779,957.527178404194,950.6566572186869,939.1678479752164,925.361450963512,913.1429655555053,901.0399241837692,890.1336092595174,880.9955193497793,871.9648194893061,864.3045317985989,856.6427558249615,850.073505813987,843.4479128972437,837.7393933391826,831.9556755986757,826.9537644365781,821.8586710773757
499.99999999999943,1999.9999999999982,0.10000000000000005,10.0,100.0,0.20000000000000004,551.3299999999999,553.2399999999994,555.2999999999997,557.2099999999999,559.27,561.1699999999995,563.2299999999994,565.1199999999993,567.1799999999995,569.2299999999994,571.12,573.1599999999994,575.0499999999995,577.0899999999996,578.9799999999994,581.0199999999991,582.8999999999996,584.9299999999998,586.81,588.8399999999998,0.19999385079814339,617.1977360092343,610.7179780079559,598.9237834379337,588.0586624632023,580.5266502070311,575.516064049507,571.3741130307441,568.5663249042152,566.4207145140784,565.0145389477588,564.227512690809,563.8213618009736,563.7769720829057,564.0288541540596,564.4864341551578,565.197038404754,566.0261853889451,567.0878650308795,568.2054735568186,569.5366744058936
199.99999999999983,1499.9999999999989,0.10000000000000005,10.0,999.999999999999,0.20000000000000004,698.59,700.0199999999994,701.5699999999996,702.9999999999998,704.5399999999993,705.9699999999989,707.5099999999998,708.9299999999998,710.4799999999994,712.0099999999996,713.4299999999992,714.9699999999996,716.3799999999994,717.9199999999995,719.3299999999999,720.8599999999996,722.2699999999996,723.7999999999994,725.199999999999,726.7299999999996,0.19999203465365356,714.363843389467,737.3141173137358,737.403359478781,729.8043294236987,725.3104139702666,722.7422096609579,720.883605401647,719.9605202111098,719.6858073798409,720.0127440091278,720.7234951708944,721.8475759630848,723.140723036299,724.7731806351418,726.447901139144,728.425413801203,730.3835897851054,732.630003657172,734.8117884146408,737.2643713789882
499.99999999999943,1.0,1.0,4.999999999999999,999.999999999999,0.20000000000000004,702.1499999999999,702.1599999999999,702.1699999999995,702.179999999999,702.1899999999994,702.1999999999992,702.2099999999991,702.2099999999991,702.2199999999998,702.2299999999994,702.2399999999997,702.2499999999994,702.2599999999996,702.2699999999998,702.2799999999994,702.2899999999988,702.2899999999995,702.2999999999996,702.3099999999993,702.3199999999994,0.1999943018994422,781.5891200439145,798.8658700491309,793.3694063187465,782.5719326995268,770.6757053180355,760.1061655813982,749.7077351196152,741.4251122708171,733.8149613414978,727.4103761001736,722.3675180823068,717.6819430133588,713.9455416879518,710.4381163196191,707.6164723107493,704.9569964345843,702.8244047931015,700.8227127824144,699.2321722166125,697.7465812844194
199.99999999999983,499.99999999999943,1.0,4.999999999999999,999.999999999999,0.20000000000000004,406.2499999999995,410.9499999999997,415.9999999999996,420.61999999999983,425.5699999999995,430.0899999999997,434.9499999999996,439.37999999999965,444.13999999999953,448.85000000000014,453.1599999999997,457.76999999999975,461.98999999999995,466.5199999999999,470.66,475.0999999999991,479.1499999999995,483.49999999999943,487.4799999999997,491.74000000000007,0.1999942642270733,332.80818566728345,361.04935309879863,381.5089896860714,395.4342770468411,408.12803969865024,417.9567305161051,427.10303365031893,434.6438773729166,442.11809647841613,449.0248270698358,454.9766793330575,461.03530596827017,466.3095890364115,471.72705614963417,476.48139472687086,481.40321411731077,485.7631870920698,490.31071847355247,494.3678540221375,498.61824352528765
299.99999999999983,999.999999999999,100.0,1.0,10000.0,0.20000000000000004,786.059999999999,1074.3999999999996,1215.2999999999988,1267.4999999999998,1289.2999999999984,1296.7999999999997,1299.7999999999986,1300.9,1301.2999999999997,1301.399999999999,1301.4999999999993,1301.4999999999993,1301.4999999999993,1301.4999999999993,1301.4999999999993,1301.4999999999993,1301.4999999999993,1301.4999999999993,1301.4999999999993,1301.4999999999993,0.19999035414507094,898.0293487394358,1097.398761773487,1205.0581023281215,1255.4001111336256,1288.6875741361296,1308.069869564125,1322.2560922321916,1332.0488439534683,1340.5979417193455,1347.700960989401,1353.2699885427933,1358.4467243166887,1362.5453109186678,1366.3772502367374,1369.4203961569708,1372.2803675068803,1374.5878678136744,1376.7873132776808,1378.5895868940538,1380.3168464998612
299.99999999999983,999.999999999999,9.999999999999995,1.0,100.0,0.20000000000000004,381.94999999999953,462.46999999999986,542.0399999999996,608.9699999999999,675.0099999999994,730.509999999999,785.2199999999995,831.14,876.3699999999998,917.3199999999989,951.6499999999991,985.4199999999995,1013.6999999999996,1041.599999999999,1064.8999999999987,1087.7999999999988,1107.0,1125.7999999999997,1141.5999999999997,1157.0999999999992,0.1999892017741801,338.9856392893884,468.73448344429175,570.823700968976,641.0698517997276,704.3363938952198,753.8832871394861,800.4819718698568,838.7429245929679,876.2079794258294,910.2556884876316,939.0836697459799,967.8606747568766,992.4047651544741,1017.064155769208,1038.2230714199547,1059.6027816813123,1078.0723201640772,1096.8473362279617,1113.1563435767637,1129.8066630645872
1.0,1.0,9.999999999999995,10.0,10000.0,0.20000000000000004,2185.599999999998,4125.799999999998,4939.4,4975.599999999993,4976.799999999997,4976.899999999995,4976.9999999999945,4977.099999999996,4977.099999999996,4977.199999999996,4977.199999999996,4977.3,4977.3,4977.3,4977.399999999993,4977.399999999989,4977.399999999993,4977.399999999993,4977.499999999997,4977.499999999997,0.19998490008485034,2147.5224809512147,3151.417502208925,3747.3170531063442,4023.026575247585,4197.406771892345,4293.455069363717,4358.594008183963,4398.950473428204,4429.822204386791,4451.5220602285,4465.369642589083,4475.061361978679,4479.9088188150845,4481.528230343274,4480.168903722979,4476.17302817622,4470.582634889823,4462.841095980983,4454.415912076146,4444.1175323085645
499.99999999999943,1999.9999999999982,100.0,1.0,10000.0,0.20000000000000004,1229.5999999999995,1846.499999999998,2223.4999999999986,2386.099999999998,2459.099999999998,2484.9999999999986,2495.5999999999963,2499.199999999997,2500.699999999999,2501.2,2501.3999999999996,2501.4999999999973,2501.4999999999973,2501.4999999999973,2501.4999999999973,2501.4999999999973,2501.4999999999973,2501.4999999999973,2501.4999999999973,2501.4999999999973,0.19998648926315726,1409.784716407365,1892.687154350694,2163.32772670025,2285.210703343434,2368.998616874658,2420.5425575863374,2460.146818423512,2488.190130717336,2512.8204123078076,2533.1914102719334,2549.026755362725,2563.566596086003,2574.9209313638553,2585.350253253725,2593.468251733666,2600.898301034243,2606.699376674304,2612.01172940307,2616.1576973779534,2619.915196382756
100.0,1999.9999999999982,9.999999999999995,1.0,10000.0,0.20000000000000004,274.5599999999998,428.96999999999974,582.5299999999999,712.509999999999,841.5099999999996,950.4799999999992,1058.3999999999999,1149.4,1239.3999999999992,1321.2999999999988,1390.0999999999983,1457.999999999999,1515.0999999999985,1571.399999999999,1618.6999999999987,1665.199999999998,1704.3,1742.6999999999982,1774.899999999998,1806.5999999999997,0.1999853330097688,291.3121751619615,453.1000913123279,593.4106279691397,695.1613476135627,793.8863888733217,876.1895033495241,957.3581378410644,1026.397551074022,1095.8780548239638,1160.5389413485946,1216.3970894553652,1273.1627502397387,1322.3851792718945,1372.586912488756,1416.2722306042394,1460.9804767427195,1500.0582346569595,1540.2102813626493,1575.4335818771576,1611.7303824960702
399.9999999999997,999.999999999999,1.0,4.999999999999999,999.999999999999,0.20000000000000004,609.3899999999995,618.7999999999995,628.8799999999992,638.0999999999999,647.9899999999993,657.0299999999993,666.7299999999996,675.5899999999992,685.0999999999998,694.5099999999999,703.1099999999999,712.3299999999998,720.7700000000001,729.8099999999994,738.0799999999995,746.9499999999983,755.049999999999,763.7499999999993,771.6999999999996,780.2199999999998,0.19999206073772768,535.0302825935681,595.9102868687611,629.5066382420586,646.5621890715546,661.2627717410155,672.2033508475085,682.0907370982202,690.1484903486512,698.1191005484185,705.4953591906478,711.8634545183461,718.3594273150916,724.0231036948556,729.8511099286635,734.971866246111,740.282924859707,744.9983655191313,749.9287948332641,754.3406378717317,758.9732231270851
100.0,999.999999999999,100.0,1.0,999.999999999999,0.20000000000000004,623.2400000000001,891.9499999999997,1021.5999999999996,1069.2999999999997,1089.0999999999995,1095.8999999999994,1098.599999999999,1099.5999999999985,1099.8999999999999,1100.0999999999992,1100.0999999999992,1100.0999999999992,1100.0999999999992,1100.0999999999992,1100.0999999999992,1100.099999999998,1100.0999999999992,1100.0999999999992,1100.0999999999992,1100.1999999999985,0.1999916244003979,643.4005936722066,799.9145921739945,897.4836384155079,952.8642939683155,992.921515868539,1018.5746626163436,1039.1475771180528,1054.2556370997515,1067.927466807243,1079.5636918077646,1088.870750032871,1097.6807403674416,1104.8032953091308,1111.598648853294,1117.1277074313618,1122.4381593237001,1126.8073399672405,1131.045517196811,1134.5656955229767,1137.9979228407915
399.9999999999997,499.99999999999943,100.0,1.0,999.999999999999,0.20000000000000004,657.7599999999999,800.4699999999998,863.6899999999994,885.9899999999988,895.0999999999993,898.2099999999997,899.46,899.8799999999991,900.0599999999996,900.119999999999,900.1399999999995,900.1499999999993,900.1499999999993,900.1499999999993,900.1499999999993,900.1499999999983,900.1499999999993,900.1499999999993,900.1499999999993,900.1499999999993,0.19999351112602543,664.1451256937391,756.0514310310682,804.7289425077255,828.8628908237959,842.993391186046,849.7631165655255,853.6717323003396,855.8732320865026,857.5553556394743,858.8329890199998,859.7617827360297,860.5669926860885,861.1484897716681,861.6424632451477,861.9852763966418,862.2681966019675,862.4698754662439,862.6422237291039,862.7740934956759,862.8870476010351
1.0,1499.9999999999989,9.999999999999995,10.0,999.999999999999,0.20000000000000004,603.7299999999993,723.6799999999994,842.6299999999995,943.0199999999995,1042.3999999999994,1126.0999999999992,1208.8999999999983,1278.4999999999989,1347.1999999999996,1409.5999999999985,1461.9999999999982,1513.5999999999995,1556.8999999999992,1599.599999999998,1635.3000000000002,1670.499999999999,1699.9999999999989,1728.9999999999989,1753.2999999999981,1777.1999999999978,0.19998912101090846,581.813515263832,806.9690601384784,968.3070654332988,1069.4094665763307,1151.4731652277671,1210.2569448032536,1261.864643605165,1302.123347576495,1340.0086191230428,1373.2327085699897,1400.478170697071,1426.8539948309044,1448.6697824620317,1469.9352151192961,1487.63144905259,1504.980667368159,1519.5284200039528,1533.8885225437286,1546.0035721388397,1558.0139057629406
299.99999999999983,1499.9999999999989,100.0,10.0,100.0,0.20000000000000004,994.9499999999997,1443.2999999999995,1687.7999999999988,1784.5999999999988,1826.1999999999996,1840.6999999999994,1846.499999999998,1848.4999999999973,1849.2999999999977,1849.5999999999974,1849.6999999999996,1849.7999999999986,1849.7999999999986,1849.7999999999986,1849.7999999999986,1849.7999999999965,1849.7999999999986,1849.7999999999986,1849.7999999999986,1849.7999999999986,0.1999886639859724,1112.6975812575815,1439.1094368910037,1622.5538794125202,1709.3042829926899,1767.3330526354864,1801.7005431760329,1827.1962436152462,1844.77250701917,1859.9180247652234,1872.245288860711,1881.6852512368991,1890.2204289404867,1896.7665906924442,1902.6606244321322,1907.138273105097,1911.1267049444914,1914.145842170297,1916.8138414223454,1918.811288044085,1920.5261069088422
399.9999999999997,499.99999999999943,100.0,4.999999999999999,100.0,0.20000000000000004,675.3599999999997,819.4399999999999,883.3499999999997,905.8899999999995,915.1099999999996,918.2499999999994,919.5199999999986,919.9499999999987,920.1199999999993,920.1799999999992,920.1999999999996,920.2099999999987,920.2099999999987,920.2099999999987,920.2199999999996,920.2199999999987,920.2199999999996,920.2199999999996,920.2199999999996,920.2199999999996,0.19999412908102907,677.4889880904481,756.9233087913325,796.4812562050473,814.9871115344433,823.9237035126918,826.6123979552544,826.7550975791121,825.9614682538084,824.8115209780719,823.6035163225894,822.4907223599363,821.3129490628197,820.2440373789682,819.1161796058976,818.0950123542759,817.0249366993744,816.0776509845184,815.1004470058673,814.2484268815658,813.3704907020159
1.0,1.0,9.999999999999995,1.0,999.999999999999,0.20000000000000004,1.2484,1.3306,1.4112,1.4786,1.5446,1.5998,1.654,1.6992,1.7435999999999998,1.7836,1.817,1.8497,1.8770999999999998,1.9039999999999997,1.9263999999999997,1.9484,1.9667999999999999,1.9847999999999997,1.9999,2.0147,0.2000025926973311,1.544420849463225,1.6371985039685757,1.703493005245046,1.7431680801520795,1.775426593624215,1.7975426048135372,1.8158396117733877,1.8296373091336935,1.8423763592999944,1.8532452925198666,1.8619044456702527,1.8701657903944169,1.876767053484172,1.8830323592972233,1.888168164411575,1.8930983122765765,1.8972041389616423,1.9012705861446428,1.9047740068102692,1.9082810524314167
1.0,1.0,100.0,4.999999999999999,100.0,0.20000000000000004,21.856,22.076999999999988,22.16599999999999,22.196999999999985,22.208999999999985,22.212999999999994,22.215,22.215,22.215,22.215,22.215,22.215,22.215,22.215,22.215,22.215,22.215,22.215,22.215,22.215,0.2000142480220845,40.71360997755317,31.49333442800734,29.366192171648212,29.66428013454441,29.83419051032899,29.86539836982733,29.85150939621432,29.83580422461047,29.829972449094267,29.83822425090162,29.856847190160003,29.887526162183153,29.923678541291252,29.970314847027325,30.019099709141823,30.077783528106888,30.136806630876993,30.205578561670436,30.27316295326768,30.350038875742243
199.99999999999983,1499.9999999999989,0.10000000000000005,1.0,10.0,0.20000000000000004,201.41000000000008,202.83999999999992,204.39000000000001,205.81999999999994,207.36999999999998,208.78999999999974,210.32999999999996,211.75999999999982,213.29999999999978,214.8299999999999,216.24999999999994,217.78999999999985,219.19999999999985,220.73999999999972,222.14999999999986,223.67999999999972,225.08999999999997,226.6099999999999,228.01999999999995,229.5399999999998,0.19999838454568775,217.5739269009241,207.01829722249525,205.3882491904201,207.04474715839373,209.51382727548432,211.78491614370975,214.12302831874848,216.2226689260235,218.4566158633001,220.65381580471646,222.64717258107265,224.7716890388394,226.69937423753143,228.75616241004354,230.62510803539908,232.6238702224407,234.44844891807656,236.40509019241762,238.19667635376774,240.11854354116753
199.99999999999983,499.99999999999943,1.0,1.0,10.0,0.20000000000000004,204.66999999999993,209.37999999999994,214.41999999999982,219.02999999999994,223.97999999999988,228.50000000000006,233.3399999999997,237.78,242.53,247.22999999999993,251.52999999999975,256.1399999999998,260.3599999999999,264.8799999999999,269.0099999999998,273.4499999999995,277.4999999999997,281.8399999999997,285.80999999999966,290.06999999999994,0.19999717005517417,182.34542087930944,193.31983752661196,205.63915350367776,216.46528948270364,226.5078749653164,234.39325724213288,241.8215998865369,247.9696925310207,254.05973948945078,259.6744506556708,264.5014051039286,269.4021925923164,273.65849086507507,278.0189782060602,281.83708042505305,285.77898742411173,289.26063658588663,292.88102236607926,296.10008350821334,299.46277436182584
100.0,1999.9999999999982,0.10000000000000005,4.999999999999999,10000.0,0.20000000000000004,1884.1999999999987,2118.6999999999975,2124.9999999999977,2126.999999999999,2128.999999999998,2130.8999999999987,2132.9999999999977,2134.8999999999996,2136.999999999998,2138.9999999999995,2140.8999999999983,2142.899999999999,2144.7999999999975,2146.8999999999996,2148.7999999999997,2150.799999999998,2152.699999999998,2154.6999999999985,2156.5999999999985,2158.5999999999976,0.19998460434393112,1689.0473863196594,2035.2600476336186,2164.7678141644406,2180.267088391062,2195.6482788606345,2208.7677215254034,2221.2810737822233,2232.212959046587,2243.805286966217,2255.230184047671,2265.594079883667,2276.6229968310204,2286.588126191889,2297.1783995939386,2306.739273120966,2316.916211390002,2326.1753780997815,2336.075582868785,2345.1310922790362,2354.8156873012076
199.99999999999983,1999.9999999999982,100.0,10.0,999.999999999999,0.20000000000000004,1335.9999999999993,1984.1999999999991,2389.999999999997,2568.7999999999975,2649.9999999999977,2678.999999999998,2690.9999999999986,2694.9999999999973,2696.699999999999,2697.2000000000003,2697.399999999999,2697.4999999999964,2697.4999999999964,2697.5999999999995,2697.5999999999995,2697.5999999999967,2697.5999999999995,2697.5999999999995,2697.5999999999995,2697.5999999999995,0.19998652356775576,1499.413922655167,2049.0277732075965,2362.746345594989,2506.974221299048,2603.0987610525385,2659.9661795373763,2701.9518599824632,2730.5687863321564,2754.8352972970174,2774.1848179272565,2788.6594116114707,2801.3830655762454,2810.807768286356,2818.931632476669,2824.761229815829,2829.577665031573,2832.871360393974,2835.391668945017,2836.9071370846214,2837.77542146654
299.99999999999983,999.999999999999,100.0,1.0,999.999999999999,0.20000000000000004,785.1899999999995,1073.3000000000002,1214.1,1266.1999999999998,1288.0,1295.4999999999989,1298.4999999999993,1299.4999999999998,1299.8999999999999,1300.099999999999,1300.099999999999,1300.099999999999,1300.099999999999,1300.099999999999,1300.099999999999,1300.099999999999,1300.099999999999,1300.099999999999,1300.099999999999,1300.199999999999,0.19999056177382404,857.7988231293375,1064.565555230092,1181.7667620624138,1240.2649816439587,1279.5507810257645,1302.8040569343925,1320.1008141434957,1332.1144142250357,1342.577760500875,1351.209512468784,1357.9190106784076,1364.0916654093598,1368.9238764953625,1373.381274410636,1376.8688501407476,1380.0870070706403,1382.6276548659782,1384.9890341924033,1386.8674294749126,1388.6093119987595
1.0,1499.9999999999989,100.0,10.0,999.999999999999,0.20000000000000004,1088.7999999999997,1560.3,1822.1999999999994,1927.2999999999984,1972.6999999999982,1988.499999999999,1994.9999999999984,1997.1999999999982,1998.0999999999972,1998.3999999999978,1998.4999999999986,1998.4999999999986,1998.5999999999992,1998.5999999999992,1998.5999999999992,1998.5999999999992,1998.5999999999992,1998.5999999999992,1998.5999999999992,1998.5999999999992,0.1999901603084319,1220.1408950577452,1583.0868553169664,1785.1425923292672,1880.95159989829,1934.9038253941758,1959.4416089144956,1972.0839617340907,1977.4658311647052,1979.7395260285205,1979.7537004819535,1978.3484061491624,1975.6760053613305,1972.3398257297308,1967.9918241648224,1963.4125347007914,1957.9883734112666,1952.6606214568988,1946.634808402063,1940.9032003720915,1934.5516344301163
499.99999999999943,1499.9999999999989,9.999999999999995,4.999999999999999,100.0,0.20000000000000004,626.7799999999992,746.6299999999997,865.4699999999999,965.769999999999,1064.9999999999984,1148.6999999999998,1231.3999999999996,1300.9,1369.5999999999988,1431.8999999999999,1484.2000000000003,1535.799999999998,1578.999999999999,1621.5999999999992,1657.3999999999992,1692.4999999999993,1721.9999999999993,1751.0,1775.1999999999982,1799.0999999999985,0.19998630191238062,504.2118445110585,746.2998367520122,933.4740419282135,1056.3214703178733,1165.8293553308838,1251.060278933489,1330.7925147207577,1395.9448395607228,1459.4579175012727,1516.90979264024,1565.328667487023,1613.4256571095545,1654.2354056468228,1695.0141792403122,1729.804590684994,1764.7496339637883,1794.754841869124,1825.0668879093037,1851.2303494162375,1877.7692305878054
100.0,1.0,9.999999999999995,4.999999999999999,100.0,0.20000000000000004,120.30999999999997,120.3899999999999,120.46999999999993,120.53999999999998,120.60999999999994,120.65999999999997,120.71999999999996,120.75999999999996,120.8099999999999,120.84999999999998,120.87999999999991,120.90999999999997,120.94,120.96999999999993,120.98999999999997,121.00999999999986,121.02999999999994,121.04999999999997,121.05999999999996,121.0799999999999,0.20000417352841404,120.32475734743807,110.81097061020483,110.22643282364668,112.86903296425697,115.00008181017509,116.4087096446308,117.60245331982131,118.55786982797862,119.5089015975904,120.40316319222251,121.1886147508804,122.00451431247969,122.72822649678767,123.48574366370953,124.16244487055945,124.87596638399165,125.51952624324862,126.20288062317032,126.82322782403753,127.48360208932989
100.0,999.999999999999,1.0,4.999999999999999,999.999999999999,0.20000000000000004,310.79999999999995,320.1899999999999,330.25999999999976,339.4699999999999,349.3399999999996,358.36999999999983,368.04999999999984,376.8999999999998,386.39999999999975,395.78999999999974,404.37999999999994,413.5899999999995,422.00999999999954,431.0499999999994,439.29999999999984,448.15999999999934,456.2499999999998,464.9399999999999,472.86999999999995,481.3799999999997,0.19999410857874192,269.3509994192372,300.1195716126481,324.33017322942237,341.72790595210563,357.8795012055869,370.64832463879793,382.7081794853499,392.6928075349782,402.57606712737356,411.6766247816498,419.48940679645216,427.4092948918072,434.2764658550609,441.2998514601857,447.43873642426985,453.7652591141978,459.34318779053643,465.13300257093744,470.27216385296964,475.63133670670214
299.99999999999983,1999.9999999999982,1.0,1.0,10.0,0.20000000000000004,317.62999999999965,336.3199999999998,356.3699999999999,374.69999999999993,394.3600000000001,412.33999999999975,431.6199999999996,449.2399999999997,468.15,486.8699999999996,503.9799999999998,522.3299999999998,539.1099999999997,557.0999999999995,573.5599999999997,591.1999999999994,607.3399999999997,624.6399999999998,640.4599999999996,657.43,0.19999329678596672,297.0893629774979,343.4401603125458,378.10706330316356,401.9840279419191,423.45325422290466,440.10059180644026,455.6240969525602,468.3472141679085,480.83562884828837,492.2443600950628,501.96853585356774,511.7571022032517,520.1858839611311,528.7474883029595,536.180449990823,543.7895910994257,550.4547980670245,557.3295327018301,563.3938983255616,569.6803234591705
399.9999999999997,1499.9999999999989,1.0,10.0,100.0,0.20000000000000004,461.94999999999965,476.00999999999965,491.0999999999996,504.8799999999993,519.67,533.1899999999998,547.6899999999996,560.9499999999997,575.1699999999992,589.2399999999997,602.1099999999999,615.9099999999996,628.52,642.0599999999994,654.4199999999995,667.6899999999988,679.8199999999996,692.8300000000002,704.72,717.48,0.19999256815198865,441.0630755227912,495.9849935685165,530.3025544723978,550.4289586598304,568.0025377285854,581.2618959066766,593.3713560805867,603.2264447494455,612.9041712963947,621.7771121039488,629.3714748758158,637.0531972830362,643.6991906068695,650.4857899583664,656.4074148932975,662.5048254809816,667.8793982323061,673.4592309573205,678.4161885670272,683.5877324334109
1.0,1999.9999999999982,1.0,10.0,10000.0,0.20000000000000004,2185.599999999998,4125.899999999999,4948.599999999995,5002.899999999999,5024.1,5042.599999999992,5062.299999999998,5080.399999999992,5099.6999999999925,5118.899999999992,5136.399999999993,5155.199999999993,5172.399999999992,5190.899999999994,5207.699999999995,5225.799999999988,5242.299999999992,5260.099999999998,5276.299999999998,5293.5999999999985,0.19998092991189936,2663.4615397284824,3883.524061914892,4556.92854099511,4819.872952769692,5009.332012553732,5133.811626311473,5234.86615912444,5309.393832538267,5376.79148676484,5433.93379822725,5479.375969775747,5522.0645004794,5556.25974273697,5588.535385849777,5614.452237997251,5638.977443979782,5658.83106829394,5677.7394893707415,5693.1453706506245,5707.831157629299
499.99999999999943,999.999999999999,9.999999999999995,4.999999999999999,100.0,0.20000000000000004,592.7599999999996,674.0699999999999,754.4199999999994,822.0199999999994,888.7299999999993,944.7899999999995,1000.0999999999988,1046.3999999999994,1092.0999999999997,1133.4999999999986,1168.1999999999996,1202.3,1230.8999999999994,1258.9999999999989,1282.5999999999985,1305.6999999999994,1325.0999999999995,1344.1999999999991,1360.099999999999,1375.6999999999996,0.19998793411556987,454.23321383427634,640.6933386273248,781.8640003558997,874.4202910792781,956.0004215677661,1018.8482873692893,1077.200284620787,1124.6440328394613,1170.738939083607,1212.331989600667,1247.323941863991,1282.0409198564842,1311.472620277696,1340.8686749652459,1365.9434048364576,1391.1343817265226,1412.7746449174053,1434.6525388687305,1453.555274282042,1472.7509659893185
299.99999999999983,1999.9999999999982,9.999999999999995,10.0,100.0,0.20000000000000004,502.6899999999997,658.6700000000001,813.8200000000002,945.1699999999994,1075.499999999999,1185.6999999999994,1294.7999999999995,1386.799999999999,1477.7999999999995,1560.4999999999993,1630.1,1698.7999999999981,1756.5999999999995,1813.4999999999998,1861.2999999999986,1908.3999999999992,1947.9000000000005,1986.7999999999981,2019.2999999999988,2051.3999999999983,0.19998552694087485,493.0748703870448,746.7246349901286,947.102611918248,1080.298570034253,1201.0091310912817,1296.2778122129491,1386.3461361122258,1460.5165200310892,1533.250377321654,1599.3813088930558,1655.3588944114722,1711.1843776042635,1758.728239573624,1806.3998115549396,1847.20503480118,1888.3167471915776,1923.7175366752417,1959.5753758215865,1990.6026659131073,2022.15084346549
199.99999999999983,1.0,9.999999999999995,10.0,10000.0,0.20000000000000004,2185.599999999998,4155.399999999993,5123.499999999998,5174.099999999996,5175.799999999995,5175.899999999998,5175.999999999994,5176.100000000002,5176.100000000002,5176.1999999999925,5176.1999999999925,5176.299999999999,5176.299999999999,5176.299999999999,5176.399999999996,5176.399999999996,5176.399999999996,5176.399999999996,5176.499999999994,5176.499999999994,0.19998265419290792,2438.444668393628,3586.6885750859724,4247.511936782562,4530.751912846877,4722.273062923906,4838.4751835717925,4926.108957907001,4986.649460291359,5038.341840359791,5079.698215187055,5110.687420067846,5137.937871769868,5158.125385390317,5175.507240247357,5187.9570390186345,5198.194012925098,5205.1317339787765,5210.348574597641,5213.374767903615,5214.947734461869
1.0,1999.9999999999982,0.10000000000000005,1.0,100.0,0.20000000000000004,3.0826999999999996,4.990399999999998,7.054899999999999,8.958799999999997,11.018999999999995,12.918999999999999,14.976,16.872,18.923999999999992,20.975,22.864999999999988,24.910999999999994,26.797999999999988,28.839999999999986,30.722999999999992,32.76099999999999,34.639999999999986,36.67399999999999,38.549999999999976,40.57999999999998,0.2000029491808163,3.702609811622043,4.619857771683532,6.133615921763025,7.846203770336273,9.83119875249969,11.725748117471129,13.812247584685052,15.75525672072811,17.8670196571846,19.97682874203334,21.916572162954804,24.004830077634935,25.916695174545403,27.968724700787266,29.84354613668268,31.852776080711187,33.68753493011891,35.6529568612194,37.447093208529516,39.36809461014117
399.9999999999997,1499.9999999999989,1.0,1.0,999.999999999999,0.20000000000000004,412.69999999999965,426.75999999999954,441.8399999999997,455.62,470.4099999999994,483.91999999999956,498.42,511.6699999999995,525.8899999999996,539.9599999999995,552.8199999999997,566.6199999999995,579.2299999999998,592.7599999999996,605.1199999999999,618.3899999999995,630.5099999999996,643.5199999999999,655.4099999999995,668.1599999999992,0.19999231372940382,378.60816204553896,433.04757009515544,469.88055483370573,493.01501841132733,513.9786594962319,530.3043430845579,545.5455960178937,558.072037954938,570.4120526707661,581.7314160938073,591.417225827824,601.2064996045733,609.6696614904024,618.3019596508644,625.8266288752864,633.5625212130244,640.3682411278902,647.4184708495499,653.6656577458543,660.1688000883536
1.0,1499.9999999999989,0.10000000000000005,10.0,999.999999999999,0.20000000000000004,499.72999999999985,501.1599999999997,502.70999999999987,504.13999999999993,505.6799999999997,507.1099999999999,508.6500000000001,510.0799999999998,511.62,513.1499999999994,514.5699999999999,516.1099999999997,517.5199999999998,519.0599999999996,520.4699999999997,521.9999999999999,523.4099999999995,524.9299999999998,526.3399999999997,527.8599999999997,0.1999949326589826,568.2593955685361,548.2581179593228,531.2998796473312,519.0918959467357,510.29083204294216,504.25667355629605,499.1583956293767,495.55892825225976,492.62352709352297,490.4812990989342,489.05440024074704,487.9905218312047,487.36779494617895,487.0191332916011,486.94420723744463,487.09729938191475,487.4267869084826,487.96127703497666,488.6028062419039,489.4298715862858
100.0,999.999999999999,9.999999999999995,4.999999999999999,999.999999999999,0.20000000000000004,382.3299999999996,462.9999999999997,542.7099999999992,609.76,675.9299999999996,731.5299999999996,786.3399999999992,832.3499999999996,877.6699999999995,918.69,953.0899999999989,986.9299999999996,1015.2999999999995,1043.1999999999994,1066.4999999999989,1089.4999999999993,1108.6999999999996,1127.5999999999995,1143.4,1158.8999999999992,0.1999898509241214,339.1522497640603,462.57153667975564,558.9310177767342,625.1543837858604,684.0113215908426,729.5778282692888,772.0711610053635,806.7496208539876,840.5512298119118,871.1480609983773,896.9660156482433,922.6580835987369,944.5057835669211,966.3947881277685,985.1258205693855,1004.0043245466057,1020.2740223237621,1036.7754797975604,1051.0787600143433,1065.651002577322
299.99999999999983,999.999999999999,1.0,4.999999999999999,10000.0,0.20000000000000004,1989.4999999999989,2321.8999999999983,2338.499999999999,2347.9000000000005,2357.7999999999997,2366.9999999999977,2376.7999999999975,2385.6999999999985,2395.2999999999984,2404.7999999999984,2413.499999999997,2422.7999999999984,2431.2999999999997,2440.4999999999977,2448.8,2457.799999999999,2465.999999999999,2474.7,2482.7999999999975,2491.3999999999987,0.19998519719537539,1719.5549505356828,2147.51616494265,2333.6155504978155,2381.524057479967,2414.2499517914907,2434.824991858311,2450.825946424526,2462.78299231287,2474.1447236841527,2484.4342606331165,2493.170117549919,2501.9536015326344,2509.484596217978,2517.1224912598127,2523.7176813199,2530.470042548981,2536.409582166537,2542.576544860468,2548.0797389652903,2553.8266044209554
399.9999999999997,1999.9999999999982,100.0,10.0,999.999999999999,0.20000000000000004,1456.399999999999,2132.499999999998,2563.6999999999966,2756.7999999999997,2845.399999999999,2877.1999999999975,2890.299999999999,2894.8000000000006,2896.5999999999963,2897.1999999999994,2897.4,2897.4999999999964,2897.4999999999964,2897.5999999999967,2897.5999999999967,2897.599999999994,2897.5999999999967,2897.5999999999967,2897.5999999999967,2897.5999999999967,0.19998615406638443,1613.3849527318278,2202.319601181086,2531.4475829290823,2677.067664463127,2772.638287938832,2828.281047193584,2868.660834469945,2895.793584921663,2918.5483601168694,2936.505507004031,2949.793266854966,2961.327583397053,2969.731610781666,2976.8255106372267,2981.7647052754787,2985.6779497588495,2988.1906628308257,2989.9177034580885,2990.747109825375,2990.9159968947656
399.9999999999997,499.99999999999943,1.0,10.0,10000.0,0.20000000000000004,2185.599999999998,4174.899999999998,5304.4999999999945,5379.299999999998,5386.599999999995,5391.300000000001,5396.299999999997,5400.899999999998,5405.6999999999925,5410.5999999999985,5414.999999999994,5419.6999999999925,5424.099999999994,5428.6999999999925,5432.899999999998,5437.499999999994,5441.699999999991,5446.099999999995,5450.1999999999925,5454.599999999996,0.1999798467954136,2767.3120756268,3935.142226395896,4539.574582502475,4745.085201350697,4904.056090671096,5016.825976700225,5114.112268395479,5189.523576318913,5260.591724962913,5323.247043576107,5374.951473784382,5425.389765770906,5467.448797102864,5508.853922342172,5543.645597342386,5578.171418419148,5607.536712420744,5636.977660536464,5662.277854619305,5687.804259062255
100.0,999.999999999999,1.0,4.999999999999999,10000.0,0.20000000000000004,1884.5999999999976,2124.9999999999977,2139.399999999998,2148.7999999999997,2158.799999999998,2167.899999999997,2177.6999999999985,2186.5999999999967,2196.199999999997,2205.699999999999,2214.399999999998,2223.699999999998,2232.1999999999985,2241.2999999999984,2249.5999999999985,2258.5999999999976,2266.799999999999,2275.4999999999977,2283.599999999999,2292.1999999999994,0.1999853234064217,1392.6086150430915,1774.3302733748656,1964.2791362359771,2033.5565278588197,2087.6300310984834,2125.7947656256824,2158.726801159297,2184.4916137188834,2209.1104728375935,2231.1714360372657,2249.6733225156872,2268.028561400869,2283.599557657629,2299.2034715562486,2312.5565477540463,2326.0607087352155,2337.768397625099,2349.7359407215877,2360.22171761387,2371.00765961449
