tau_s,b,tau_0,gamma_0,n,valid_x_end,valid_y_1,valid_y_2,valid_y_3,valid_y_4,valid_y_5,valid_y_6,valid_y_7,valid_y_8,valid_y_9,valid_y_10,valid_y_11,valid_y_12,valid_y_13,valid_y_14,valid_y_15,valid_y_16,valid_y_17,valid_y_18,valid_y_19,valid_y_20,valid_y_21,valid_y_22,valid_y_23,valid_y_24,valid_y_25,prd_x_end,prd_y_1,prd_y_2,prd_y_3,prd_y_4,prd_y_5,prd_y_6,prd_y_7,prd_y_8,prd_y_9,prd_y_10,prd_y_11,prd_y_12,prd_y_13,prd_y_14,prd_y_15,prd_y_16,prd_y_17,prd_y_18,prd_y_19,prd_y_20,prd_y_21,prd_y_22,prd_y_23,prd_y_24,prd_y_25
999.999999999999,100.0,199.99999999999983,3.330000000000002e-05,3.0000000000000004,35999999.99999989,0.004756900000000005,0.006390300000000002,0.006390300000000002,0.008977200000000003,0.008977200000000003,0.008977200000000003,0.008977200000000003,0.013442000000000006,0.013442000000000006,0.013442000000000006,0.013442000000000006,0.013442000000000006,0.013442000000000006,0.019580999999999994,0.019581000000000005,0.019580999999999994,0.019581000000000015,0.019580999999999994,0.019581000000000005,0.025655000000000018,0.025655000000000018,0.025655000000000018,0.025655000000000018,0.025655000000000018,0.027020000000000016,28126116.04428243,0.004785099239271955,0.006400929625661975,0.007151489213092401,0.008872530251679858,0.009904998463391303,0.01066481547502677,0.011234633007533504,0.012984180348128649,0.01378401662332216,0.014432829419037382,0.01506318926710845,0.01567635541627242,0.016202632984317133,0.018258063573427546,0.01885946080797069,0.019443243252463178,0.020017567057899897,0.02063690702238094,0.021176258024302737,0.023030009832198585,0.02370660713115128,0.02427239790830807,0.02502146832536998,0.025645107316363817,0.02678518231599937
499.99999999999943,0.10000000000000005,399.9999999999997,3.330000000000002e-05,4.999999999999999,35999999.99999989,0.0006620100000000004,0.000786800000000001,0.000786800000000001,0.001021900000000001,0.001021900000000001,0.001021900000000001,0.001021900000000001,0.0014796000000000002,0.0014796000000000002,0.0014796000000000002,0.0014796000000000002,0.0014796000000000002,0.0014796000000000002,0.002140100000000002,0.002140100000000002,0.002140100000000002,0.002140100000000002,0.002140100000000002,0.002140100000000002,0.002799300000000002,0.002799300000000002,0.002799300000000002,0.002799300000000002,0.002799300000000002,0.002947800000000002,26748969.990209796,0.0005962512098098635,0.0007592299173126453,0.0007068297274685915,0.0010446379112528297,0.0010169100493541982,0.0009930230824995018,0.0009737015400365302,0.0015934327067621352,0.0015577323877558954,0.0015431176006528928,0.0015321980940627544,0.0015501315138500618,0.0015246656620268731,0.002348271859397332,0.002357137368068231,0.0023462080390492684,0.0023321485106734398,0.0023043562004101616,0.0023427595046054722,0.003084841572566491,0.00309571668829389,0.003109757596212571,0.003098087174796297,0.0030885507155278043,0.0032772195714115826
999.999999999999,0.10000000000000005,299.99999999999983,3.330000000000002e-05,3.999999999999999,26521423.052699987,0.0032579000000000006,0.005931700000000003,0.011246000000000008,0.011246000000000008,0.016515000000000002,0.021746000000000015,0.021746000000000015,0.026948000000000014,0.032137000000000006,0.032137000000000006,0.037353000000000004,0.039955,0.04256000000000003,0.045172000000000004,0.05042999999999998,0.05308900000000001,0.05578299999999998,0.05854700000000003,0.06273399999999998,0.06558000000000004,0.06998600000000008,0.07308700000000003,0.078202,0.08206099999999998,0.08822199999999997,19055198.148584552,0.0038741069818757985,0.0073095898407964325,0.010176159821608374,0.014070539495091964,0.01674509514800231,0.020137220461586416,0.022503914812338384,0.02858982392626299,0.03133322102246496,0.03381096326789352,0.03730295306309594,0.04041597498718393,0.043052834021987604,0.04953928887122845,0.053466686752775563,0.05633570537469578,0.0590429105123569,0.062131431324002666,0.06685969986259414,0.07179220590961723,0.07567466192220375,0.07966352358465288,0.08373968945460322,0.08766269778029875,0.09380529557536339
1999.9999999999982,0.10000000000000005,199.99999999999983,3.330000000000002e-05,3.0000000000000004,1798517.5550999958,0.006896700000000003,0.018579000000000002,0.024075000000000017,0.029374,0.03449499999999999,0.044171000000000016,0.04886100000000002,0.05787900000000007,0.06222500000000006,0.07062999999999998,0.074744,0.07878500000000001,0.08275700000000001,0.09052200000000002,0.094325,0.09808400000000009,0.10549999999999997,0.10917,0.11284000000000009,0.12025000000000001,0.12405000000000002,0.12793,0.13571000000000003,0.13952000000000003,0.14508000000000004,2174957.8966933824,0.010921243184401267,0.01987590741918576,0.0284418216360203,0.03634976098254145,0.043297289621108744,0.05133810963553762,0.058243501486909884,0.06285925340093233,0.0691048777614935,0.0763417924676343,0.08171843979186566,0.08828095373538992,0.09345850094122059,0.09658306587889008,0.10248900637107075,0.10794781793192866,0.11306190857237482,0.11859547588692188,0.12417118548689873,0.1273313620237789,0.13212289134919825,0.1382411973096649,0.1433976328653853,0.14957909011894155,0.15380684836124942
1499.9999999999989,1.0,399.9999999999997,3.330000000000002e-05,1.9999999999999998,2469606.1950999987,0.020066000000000007,0.03393200000000001,0.04577000000000004,0.05625500000000002,0.06578100000000002,0.07459200000000005,0.07459200000000005,0.08285500000000004,0.09068700000000003,0.09816799999999994,0.10536000000000006,0.11232000000000002,0.11908000000000006,0.12566,0.13210000000000002,0.1384100000000001,0.14460000000000006,0.15067000000000005,0.15067000000000005,0.15662000000000004,0.16246999999999998,0.16820000000000002,0.17382,0.18503000000000003,0.18503000000000003,3023749.1240392467,0.017785294180856042,0.031086811209504763,0.042374165570793536,0.05105559472429168,0.06082546894600026,0.07068225491027709,0.08002829991091578,0.08224272809405006,0.09078129976608837,0.09841749348977166,0.10573184489524128,0.11355758408899558,0.12003736506253099,0.12032211584573711,0.12786820394428644,0.13385166803247397,0.14038662774246227,0.14595700324839098,0.15371068265401444,0.1534361558302066,0.16013754560937996,0.16603872406751122,0.1721350015025573,0.17904728416693874,0.18370152860899916
999.999999999999,9.999999999999995,399.9999999999997,3.330000000000002e-05,1.0,137573.17109999986,0.016023000000000003,0.026848000000000014,0.026848000000000014,0.045457000000000004,0.045457000000000004,0.05431600000000001,0.06290100000000004,0.071311,0.071311,0.07960700000000005,0.08782600000000004,0.095982,0.10407000000000002,0.10407000000000002,0.11208,0.11999000000000003,0.12778000000000003,0.13544000000000006,0.13544000000000006,0.15029999999999996,0.15029999999999996,0.15747000000000008,0.16460999999999995,0.17182,0.17546,165052.4046217054,0.015335730042594692,0.026505153308121098,0.03435801153377483,0.04413434333838209,0.0538599833317064,0.06186247865509424,0.07005846255366019,0.07687432761536646,0.08725684746516986,0.09391038561070811,0.09986005437633944,0.10844911599733607,0.1162969974570116,0.1255348779676541,0.13165115554072376,0.13891489491455603,0.14758797513405322,0.15392919177574196,0.1617819517961279,0.16948609001447418,0.17705675505747395,0.18445883266238194,0.19009686890298988,0.19783632258165967,0.20500692440252993
1.0,9.999999999999995,199.99999999999983,3.330000000000002e-05,1.9999999999999998,144284.0574999999,0.007003499999999999,0.013528000000000017,0.020108000000000008,0.020107999999999997,0.02674800000000001,0.03345300000000001,0.040225000000000004,0.04707100000000002,0.05399500000000003,0.06100100000000002,0.06100100000000002,0.06809700000000003,0.075291,0.08259400000000001,0.09002999999999999,0.09755100000000005,0.10135999999999996,0.10909,0.11698000000000001,0.12099000000000008,0.12919,0.13773,0.14452999999999996,0.15423999999999996,0.1617000000000001,121631.20203917705,0.005833242277719302,0.010730097814518244,0.015804256818113056,0.01862032894295071,0.025697243609093177,0.028622894803987813,0.03461877861991851,0.03759184940987685,0.04374125540785834,0.04645200847465611,0.051950267834629665,0.055911073698319734,0.061683076777098646,0.06763887154769391,0.07144898952790983,0.07617595360258593,0.08109037609768303,0.08592236996681389,0.09029324666847048,0.09593193143134666,0.10200199732125706,0.10637657045473764,0.1127990729508676,0.11836404088502578,0.12522934229365223
1.0,100.0,399.9999999999997,3.330000000000002e-05,1.0,46976.20469999991,0.007056300000000007,0.013593000000000003,0.02680200000000001,0.02680200000000001,0.040136,0.04682800000000001,0.04682800000000001,0.06036499999999999,0.07404900000000005,0.07404900000000005,0.08788700000000005,0.08788700000000005,0.10189000000000004,0.10892000000000004,0.11600000000000003,0.12311999999999995,0.13028000000000006,0.13749000000000008,0.14474,0.15947999999999998,0.1668900000000001,0.17434000000000002,0.18182999999999996,0.18935000000000013,0.19690000000000002,36949.55741557839,0.009245459411485841,0.017103634416456476,0.025164447855280873,0.029334837981717404,0.04131669369852339,0.04733515851496115,0.05944945764730953,0.0584084761290105,0.07174154299768563,0.0768404790985234,0.08508433226768629,0.09427509560061086,0.10551383664643199,0.11046265105795235,0.11458219122641,0.12500094872223305,0.1339657766532046,0.14377652881134553,0.15184281302392438,0.1551655543996475,0.16500264784262783,0.17571840040708298,0.18315230163054674,0.19361825124196397,0.20362820808925206
1.0,0.10000000000000005,499.99999999999943,3.330000000000002e-05,1.0,63753.42069999993,0.010993000000000011,0.021542000000000002,0.021542000000000002,0.03216900000000001,0.04287800000000001,0.05367400000000003,0.05367400000000003,0.06456200000000002,0.07554500000000003,0.08663000000000007,0.08663000000000007,0.09782000000000002,0.10912000000000004,0.12053999999999998,0.12053999999999998,0.13207,0.14373,0.15553000000000003,0.15553000000000003,0.16746999999999995,0.17956999999999995,0.1918100000000001,0.1918100000000001,0.20417000000000005,0.21661000000000016,82913.32223657053,0.0076953189657771185,0.01548411782807541,0.021983416602131878,0.028127025995933214,0.03356626295206269,0.04465452043340951,0.0524170467145193,0.05451038326022301,0.0643065921914187,0.06913304627708514,0.07887583677580617,0.08493805351340553,0.0942024227369277,0.09745816609204426,0.10441539331258386,0.1116506313403671,0.11715260142163264,0.12362686630131674,0.13365020654554688,0.13592802940683696,0.13932439610507358,0.15009039177901115,0.1543333251421956,0.16274823691609364,0.16863810552055675
1999.9999999999982,9.999999999999995,199.99999999999983,3.330000000000002e-05,3.0000000000000004,35999999.99999989,0.010105000000000003,0.012889000000000005,0.012889000000000005,0.01644100000000001,0.016440999999999994,0.016441,0.016441,0.021049,0.021049,0.021049,0.021049,0.021049,0.021049,0.02583200000000001,0.02583200000000001,0.02583200000000001,0.02583200000000001,0.025831999999999997,0.02583200000000001,0.029678000000000017,0.029678000000000017,0.029678000000000017,0.02967800000000003,0.029678,0.03050700000000001,41515208.56468547,0.01055625229360412,0.013486369772048987,0.013224516393309536,0.016955946317182523,0.017225100897046354,0.017654449268589462,0.01748165729265587,0.021721003397848177,0.02212297895218349,0.022143449265776997,0.022418846506636912,0.022785328388730024,0.02283018219419674,0.027117917918336478,0.027250693206000393,0.02733670085350049,0.02757899061896186,0.027892666723790226,0.02802225555975271,0.031459836924727806,0.03150781580968616,0.031863711023843576,0.03202267204737012,0.03226651264468685,0.03325445710620201
1999.9999999999982,1.0,100.0,3.330000000000002e-05,4.999999999999999,35999999.99999989,0.013397000000000004,0.01688700000000001,0.01688700000000001,0.020912000000000014,0.020912000000000014,0.020912000000000014,0.020912000000000014,0.025538000000000016,0.025538000000000016,0.025538000000000016,0.025538000000000016,0.025538000000000016,0.02553800000000003,0.029812000000000012,0.02981200000000003,0.029812000000000012,0.029811999999999998,0.029812000000000012,0.029812000000000012,0.032958000000000015,0.032958000000000015,0.032958000000000015,0.032958000000000015,0.032958000000000036,0.033623,42693780.35611982,0.012243861022278526,0.016731041086036114,0.016001336804697053,0.021405404242231953,0.02060888014571862,0.021090595401138935,0.020940951560649564,0.02454093676716425,0.024992082679693432,0.02474554184823599,0.02474712871156096,0.02509888941596602,0.024914129346517485,0.027622391751710985,0.027659686013355243,0.02739944975737519,0.027534202808475985,0.027889854164731054,0.027627068824492448,0.029515443332556998,0.02917648315306165,0.029198509250418267,0.02903704301180145,0.029020113325741,0.029440171398774775
1499.9999999999989,9.999999999999995,299.99999999999983,3.330000000000002e-05,3.999999999999999,35999999.99999989,0.0028336999999999993,0.003869900000000003,0.003869900000000003,0.0051846,0.0051846,0.0051846,0.0051846,0.0068182000000000026,0.0068182000000000026,0.0068182000000000026,0.0068182000000000026,0.0068182000000000026,0.0068182000000000026,0.008417900000000011,0.008417900000000011,0.008417900000000011,0.008417900000000011,0.008417900000000011,0.008417900000000011,0.009641600000000005,0.009641600000000005,0.009641600000000005,0.009641600000000005,0.009641600000000005,0.009902900000000008,39404630.30784505,0.0028952119293112074,0.0038337061079590003,0.0037200914815589754,0.004998406042253197,0.004962606474041088,0.004993325930555665,0.004929093494822275,0.0065402063136078045,0.0064987833275377375,0.006456510521041794,0.006481952137867765,0.006492100025956236,0.006477819701253406,0.007975731755775447,0.008004270550044133,0.007961187206352187,0.007970684801467348,0.007976572296847818,0.007986287874908403,0.009157704641370648,0.009121558461411343,0.009131637228147567,0.009107100269543714,0.00911947197755816,0.00937291054716523
999.999999999999,9.999999999999995,199.99999999999983,3.330000000000002e-05,3.0000000000000004,35999999.99999989,0.016507000000000008,0.02193500000000001,0.02193500000000001,0.029303000000000013,0.029303000000000013,0.035158000000000016,0.035158000000000016,0.035158000000000036,0.04016999999999999,0.04017000000000001,0.04016999999999997,0.04852700000000003,0.04852700000000003,0.04852700000000003,0.048527000000000056,0.04852700000000003,0.054048000000000006,0.054048000000000006,0.054048000000000006,0.059190999999999994,0.059190999999999994,0.059190999999999994,0.059190999999999994,0.064421,0.064421,32222572.603082817,0.015707239015543467,0.02103296964267355,0.022874443731570628,0.02828691498431453,0.030159091165998235,0.032114477512638094,0.032493085289911544,0.039189530627550956,0.04104892579276463,0.04187171958704595,0.0432563687773508,0.04456253020986829,0.04541957302928732,0.05251930289258166,0.053532181134749154,0.054382207354809274,0.05564233625705901,0.05705761646130321,0.05779980745260102,0.06396897054315069,0.06491826185389148,0.06629072428011303,0.067613532999117,0.0687874283752811,0.07119528161536633
499.99999999999943,0.10000000000000005,100.0,3.330000000000002e-05,3.999999999999999,332188.87669999956,0.003951600000000002,0.007277900000000007,0.007277900000000007,0.013790000000000002,0.013790000000000002,0.020159000000000014,0.020159000000000003,0.026442000000000007,0.029549000000000016,0.03263400000000001,0.035704,0.03876100000000002,0.04181299999999998,0.044870000000000014,0.04794800000000001,0.051096,0.05425200000000003,0.05743900000000002,0.06068100000000001,0.064025,0.067626,0.07043900000000002,0.07450200000000007,0.07997300000000006,0.08327899999999999,489105.96963884623,0.005043303690914492,0.010081160826267681,0.015721731655378005,0.02064261820599621,0.025938938835928186,0.03054246033692102,0.03628703060761794,0.040158336518535384,0.04448204783622435,0.04963940226180054,0.05398097201479242,0.05825939191263033,0.06253251413542368,0.06681708079405138,0.0707416674802678,0.07584236749071009,0.07982404033341577,0.08414732202114762,0.087944844684299,0.09341012753927602,0.0974881953795115,0.10176473440868104,0.1067806675757269,0.11199706395396174,0.11564265287054318
1999.9999999999982,9.999999999999995,399.9999999999997,3.330000000000002e-05,4.999999999999999,35999999.99999989,0.0006516600000000002,0.0007557600000000007,0.0007557600000000007,0.0009276200000000004,0.0009276200000000004,0.0009276200000000004,0.0009276200000000004,0.0012000000000000008,0.0012000000000000008,0.0012000000000000008,0.0012000000000000008,0.0012000000000000008,0.0012000000000000008,0.0015141000000000006,0.0015141000000000006,0.0015141000000000006,0.0015141000000000006,0.0015141000000000006,0.0015141000000000006,0.001776800000000001,0.001776800000000001,0.001776800000000001,0.001776800000000001,0.001776800000000001,0.0018339000000000018,33096098.25899953,0.0005733970883366844,0.0006993338104210316,0.0006918288701005065,0.0008870834039509344,0.0008656853935870166,0.0008879255894614597,0.0008754912267484813,0.0011454975631771135,0.0011694218444195045,0.0011532238364743228,0.0011582375048344632,0.0011515908148834121,0.0011470498502842363,0.0014675362859102592,0.0014556395139986062,0.0014629851816474848,0.0014563238181926228,0.0014676766246919544,0.0014488795637253335,0.0017127251193093482,0.0017083746489048133,0.0017031575907381085,0.001705278750160182,0.001698422556253663,0.0017522692787393188
499.99999999999943,9.999999999999995,100.0,3.330000000000002e-05,4.999999999999999,35999999.99999989,0.007938500000000012,0.009850800000000009,0.009850800000000009,0.012127000000000015,0.012127000000000008,0.012127000000000002,0.012127000000000008,0.014853000000000005,0.014853000000000005,0.014853000000000005,0.014853000000000005,0.014852999999999996,0.014853000000000012,0.017478,0.017478,0.017478,0.017478,0.01747800000000001,0.017478,0.019473000000000008,0.019473000000000008,0.019473000000000008,0.019472999999999997,0.019473000000000008,0.019898000000000006,37990575.04478795,0.008040289174782647,0.010393632170887667,0.010483383726810642,0.013183659036899139,0.013018908387380406,0.013459350396193611,0.013220642865386783,0.01596855264132669,0.016209781032629683,0.016136319252158977,0.016251484438075305,0.01648370501559037,0.016569991169850876,0.018825918497450994,0.018892626898518103,0.018849859369293828,0.019097140756055106,0.019298366354710147,0.019338477595750064,0.021075348855445084,0.02103570915379557,0.02124099473596105,0.021317997577941214,0.02145878124617025,0.02195832327886882
999.999999999999,1.0,100.0,3.330000000000002e-05,4.999999999999999,35999999.99999989,0.020659000000000007,0.02695300000000001,0.02695300000000001,0.034371,0.03437100000000001,0.03965500000000002,0.03965500000000002,0.03965500000000002,0.043792000000000025,0.043792000000000025,0.043792000000000025,0.04978700000000002,0.04978700000000002,0.04978700000000002,0.04978700000000002,0.049787000000000046,0.049787,0.056168999999999976,0.056168999999999976,0.056168999999999976,0.056168999999999976,0.056168999999999976,0.056168999999999976,0.05915300000000001,0.05915300000000001,39267985.1285585,0.01737778113378894,0.02508843549424748,0.026840331006223565,0.0344544372226362,0.034919929025278726,0.037301910620354914,0.03786992987558947,0.043085589835972105,0.04498458319880626,0.04542242247353115,0.04654357247224891,0.04789063871995746,0.04842427690681773,0.051944984822189434,0.05296892961061309,0.05314336493559749,0.05420548494553344,0.055576540906287164,0.05585692346219203,0.05848595046601,0.05874081571133876,0.05929331068054022,0.05990030474129866,0.060510392935443726,0.0617428022299554
999.999999999999,0.10000000000000005,100.0,3.330000000000002e-05,1.0,18035.50709999999,0.013223000000000007,0.02534200000000001,0.037097000000000026,0.037097000000000026,0.04852900000000002,0.05967400000000002,0.07055800000000005,0.081207,0.09163900000000004,0.10187000000000003,0.10187000000000003,0.11192000000000003,0.1311400000000001,0.1311400000000001,0.1311400000000001,0.14917000000000002,0.14917000000000002,0.1658100000000001,0.1658100000000001,0.18124000000000012,0.18124000000000012,0.18124000000000012,0.19563000000000003,0.20258000000000007,0.20599000000000006,22576.071449400748,0.011928436009713323,0.02289838313042327,0.03303673364977455,0.04224385253854931,0.051594109890201835,0.06176710127181295,0.073091569967644,0.079483202222258,0.0879636780863795,0.09652708242007081,0.10694061077643571,0.11395658297232211,0.12376115938686726,0.12950689036669452,0.13903477840710549,0.14700153821529952,0.15497583549644484,0.16133183284951547,0.16969726932260265,0.1796481613093815,0.18226511782143728,0.1913922828306571,0.1992526681505577,0.20755954893441014,0.21366196763535855
1999.9999999999982,100.0,499.99999999999943,3.330000000000002e-05,4.999999999999999,35999999.99999989,0.0005568200000000005,0.0005880200000000006,0.0005880200000000006,0.0006336700000000001,0.0006336700000000001,0.0006336700000000001,0.0006336700000000001,0.0006968100000000002,0.0006968100000000002,0.0006968100000000002,0.0006968100000000002,0.0006968100000000002,0.0006968100000000002,0.000762410000000001,0.000762410000000001,0.000762410000000001,0.000762410000000001,0.000762410000000001,0.000762410000000001,0.0008139400000000002,0.0008139400000000002,0.0008139400000000002,0.0008139400000000002,0.0008139400000000002,0.0008250000000000008,31583096.40606842,0.00046090218566530557,0.0005111387620456246,0.0004984022455663461,0.0005642307212855871,0.0005435054021802121,0.0005634943262940614,0.0005439691495687905,0.0006275556115634966,0.0006424397395797105,0.0006294781854225811,0.000623056061160932,0.000616906271636941,0.0006085600665406988,0.000726045943883468,0.0007125729715785701,0.0007125820136423708,0.0007030713629667906,0.0006992590165356856,0.000691569356228143,0.0007782946506860787,0.0007776993554556291,0.0007674617747088652,0.0007601679337622316,0.0007532205412057061,0.000764564608997227
1499.9999999999989,1.0,199.99999999999983,3.330000000000002e-05,1.9999999999999998,1503238.5535000002,0.026870000000000015,0.042041000000000016,0.05338600000000003,0.06307800000000004,0.07164400000000004,0.08608599999999997,0.08608599999999997,0.09896000000000002,0.10504,0.11082000000000004,0.12191999999999999,0.12191999999999999,0.13243000000000002,0.13743999999999998,0.14230000000000007,0.14230000000000007,0.15190000000000006,0.15657,0.16111000000000003,0.17000000000000007,0.17000000000000007,0.17862000000000014,0.17862000000000014,0.1869599999999999,0.19100000000000006,1889713.235333018,0.03162491770765848,0.04915792161874014,0.06286726568692177,0.0726611187410682,0.08447786533803907,0.09284037717694837,0.10286646774424073,0.10504146537302575,0.11323686141434813,0.12169720581226204,0.12743561219206492,0.1351375327595015,0.1406258253818764,0.14314697851945832,0.14995246428545775,0.1542955611582465,0.16058130990003575,0.1655602472241711,0.1708064889520104,0.1740122404411978,0.1793206498038521,0.18378090337042394,0.18896503577239798,0.1942609786761904,0.19745741088575763
999.999999999999,1.0,199.99999999999983,3.330000000000002e-05,1.0,63753.42069999993,0.021665000000000007,0.038007999999999986,0.03800800000000001,0.05253699999999998,0.06581,0.07815200000000003,0.07815200000000003,0.08976499999999998,0.10078999999999998,0.11132000000000002,0.11132000000000002,0.13045000000000007,0.13045000000000007,0.13964,0.13964,0.15641000000000008,0.15641000000000008,0.15641000000000008,0.1718700000000001,0.1718700000000001,0.1718700000000001,0.1863,0.1863,0.19980000000000003,0.19980000000000003,57440.174318603276,0.017892047097623914,0.031102329976042866,0.04035129954478967,0.05163117337523058,0.06158502323083926,0.07109512557000537,0.0792202783545651,0.0883063054019174,0.09676907675300997,0.10434347184130423,0.11167809610594495,0.11972521040644868,0.12772328619276907,0.13596076845260857,0.14421397403735486,0.14981548782961285,0.15821672015691066,0.1633710993957476,0.17149891880161766,0.1798863757095723,0.1846701359339818,0.19165144278794233,0.19736456373665348,0.20425402423166175,0.21053439031385673
1499.9999999999989,9.999999999999995,399.9999999999997,3.330000000000002e-05,1.0,227750.70709999994,0.014098000000000005,0.03082500000000001,0.038106000000000015,0.05152199999999998,0.05152199999999998,0.06433000000000003,0.07680900000000003,0.07680900000000003,0.0891190000000001,0.10135999999999996,0.10135999999999996,0.11359000000000001,0.12587,0.13821,0.13821,0.15064999999999995,0.16321,0.16321,0.17585999999999996,0.18869,0.18869,0.20165000000000005,0.21472000000000013,0.22125999999999998,0.22738,197750.1781853309,0.016942212178525897,0.029234883510173778,0.0374179199456049,0.04867081470729596,0.05891333409633296,0.06705379504285776,0.07666709693107471,0.08343272249518978,0.09387303699887453,0.10161347436437007,0.1078245400292005,0.11694782404456704,0.12496939620481552,0.1340109704756132,0.14035792154544877,0.14828634602513915,0.157212313740725,0.16383934610843995,0.1720151208426448,0.17959876168508482,0.1870461260530294,0.1948306086234884,0.200632583774197,0.2084352844498057,0.215497851964513
999.999999999999,9.999999999999995,399.9999999999997,3.330000000000002e-05,3.999999999999999,35999999.99999989,0.0018591000000000011,0.002754000000000003,0.002754000000000003,0.004065700000000004,0.004065700000000004,0.004065700000000004,0.004065700000000004,0.005880600000000002,0.005880600000000002,0.005880600000000002,0.005880600000000002,0.005880600000000002,0.005880600000000002,0.007778600000000003,0.007778600000000003,0.007778600000000003,0.007778600000000003,0.007778600000000003,0.007778600000000003,0.009283500000000005,0.009283500000000005,0.009283500000000005,0.009283500000000005,0.009283500000000005,0.009606900000000005,40017573.06653592,0.002065230612991926,0.002980081696205231,0.0030915738845156216,0.004387252963185166,0.004450572788583766,0.004671434479585544,0.004643178017718551,0.006528240647994052,0.006633162721282822,0.006663489501030954,0.006822765294607329,0.006889482989558608,0.006954736460282488,0.008874173893676356,0.009039325028521549,0.009057152317067186,0.009132098838088328,0.009235150429769912,0.009382688780815477,0.01088487161583095,0.010961405639180445,0.01106220220857477,0.01113401443961726,0.011186975121241196,0.011612797646704835
1499.9999999999989,0.10000000000000005,299.99999999999983,3.330000000000002e-05,3.0000000000000004,3704409.2927,0.004414600000000003,0.008214400000000005,0.015679000000000002,0.023,0.02300000000000001,0.030196000000000004,0.03728300000000003,0.04429000000000002,0.04429000000000002,0.051217000000000026,0.05465200000000003,0.061472000000000034,0.06486199999999999,0.06824099999999997,0.07497700000000007,0.07834000000000003,0.08170700000000004,0.08848799999999997,0.09194499999999994,0.09713400000000001,0.10251000000000002,0.1080300000000001,0.11381999999999999,0.11793999999999996,0.12432000000000001,3928596.1438360335,0.006634973804481184,0.012717820334350158,0.018687634556630375,0.024337684643369013,0.029710739080582575,0.03595721461974006,0.04113742890121389,0.04644831119458798,0.05147175665807928,0.05683456368278282,0.06222641129651595,0.06755735215846821,0.07225370325535142,0.07623707401739159,0.0823970649460256,0.08703543917435397,0.09160766332443837,0.09633735477718149,0.10295192829928997,0.1053766213559727,0.11091148821061693,0.11657989626574135,0.12231629327849994,0.12818724275145565,0.13396204754562752
499.99999999999943,0.10000000000000005,499.99999999999943,3.330000000000002e-05,1.0,76336.33269999991,0.010966000000000012,0.02143400000000001,0.031938,0.04248100000000002,0.05306800000000002,0.05306800000000002,0.06370099999999997,0.07438500000000006,0.085123,0.09591599999999993,0.10677000000000006,0.11768000000000008,0.12865000000000004,0.13969,0.15079,0.16194999999999996,0.16194999999999996,0.17317000000000005,0.18445000000000009,0.19579000000000005,0.2071800000000001,0.21862000000000006,0.2300800000000001,0.24156,0.2501600000000002,95007.01635036767,0.009105239242271785,0.017736506725786617,0.03031941573600117,0.03721192404873394,0.0485385185600166,0.057327491097244526,0.06948101837029987,0.07708883514284959,0.0874652794198673,0.09768347783722922,0.10604045045726475,0.11618182628718861,0.1289088969999193,0.13388618930086385,0.14377535415238274,0.1542357498788695,0.16443180619653977,0.1737211823151633,0.18366079290946175,0.19160311899007473,0.20229057624987679,0.20957271638164948,0.2196756087703358,0.23080157944670424,0.23934286696041931
999.999999999999,100.0,399.9999999999997,3.330000000000002e-05,4.999999999999999,35999999.99999989,0.0006260100000000003,0.0006946000000000008,0.0006946000000000008,0.0007912800000000008,0.0007912800000000008,0.0007912800000000008,0.0007912800000000008,0.000921290000000001,0.000921290000000001,0.000921290000000001,0.000921290000000001,0.000921290000000001,0.000921290000000001,0.0010543000000000002,0.0010543000000000002,0.0010543000000000002,0.0010543000000000002,0.0010543000000000002,0.0010543000000000002,0.0011581000000000007,0.0011581000000000007,0.0011581000000000007,0.0011581000000000007,0.0011581000000000007,0.0011804000000000014,33952691.90441785,0.000637728923721092,0.0007236430786065478,0.0007174326900983041,0.000828856034374848,0.000804794034453035,0.0008312161795128644,0.000809886311775368,0.0009518523283968583,0.0009634330317969759,0.0009551701303105616,0.0009487381129284652,0.0009433564939425706,0.000936053910619118,0.0011082708995224914,0.0010968430776642822,0.0010971577833399802,0.0010894690189465202,0.0010846253302494039,0.001079139875573781,0.0012111845122005007,0.0012101128277121865,0.0012023659502941938,0.0011947307128229029,0.0011891472146486227,0.0012096141180778152
1.0,100.0,499.99999999999943,3.330000000000002e-05,3.999999999999999,35999999.99999989,0.0012645000000000006,0.0019677999999999996,0.0019677999999999996,0.0033720000000000017,0.0033720000000000017,0.0033720000000000017,0.0033720000000000017,0.0061993000000000005,0.0061993000000000005,0.0061993000000000005,0.0061993000000000005,0.0061993000000000005,0.0061993000000000005,0.010363000000000002,0.010363000000000002,0.010363000000000002,0.010363000000000002,0.010363000000000002,0.010363000000000002,0.014575000000000003,0.014575000000000003,0.01457500000000001,0.014575000000000003,0.014574999999999996,0.015524,41099440.45118004,0.0015331851520520084,0.0022267133326147994,0.0021351841140084303,0.0034817395780165636,0.0035552970324599824,0.0039029489758044015,0.003967282328796563,0.0057537026866174125,0.006136059753194263,0.006255783899893991,0.006598925143198944,0.006703285184068218,0.00681814127782148,0.009525921744361268,0.009574982309796932,0.009959897990016536,0.0100978128329754,0.010510524832595366,0.010602189127553638,0.01306845050008286,0.013356693923942063,0.013658973498379766,0.014020291655522567,0.01416974633196548,0.015049282290281797
1499.9999999999989,100.0,199.99999999999983,3.330000000000002e-05,1.0,194615.7055000001,0.00887300000000001,0.015215000000000001,0.021467000000000003,0.027710000000000002,0.04029800000000003,0.04029800000000003,0.052999000000000004,0.065826,0.065826,0.07878799999999998,0.07878799999999998,0.09189100000000004,0.10514000000000007,0.10514000000000007,0.11181000000000009,0.11851000000000003,0.1320800000000001,0.13891,0.14578000000000002,0.15974000000000005,0.15974000000000005,0.17395999999999998,0.18109,0.18824999999999995,0.19544000000000003,264235.5580724509,0.011100219636097301,0.018945775530289314,0.025220576162471767,0.03380711652927897,0.042703623820207176,0.04967462016589657,0.05704495292851231,0.06415078397360022,0.07334529125940574,0.08163777969602001,0.08774303055017403,0.09587244774304532,0.10454312510461619,0.11262279460055798,0.12111792733882928,0.1287527959084236,0.1389593930230794,0.14631384768465155,0.15540943194714169,0.16370704553074228,0.17371837140554625,0.18157759612035285,0.18992578119659978,0.19996709023090295,0.20889397061088302
1999.9999999999982,9.999999999999995,299.99999999999983,3.330000000000002e-05,3.0000000000000004,35999999.99999989,0.008353300000000004,0.010975000000000007,0.010975000000000007,0.014331000000000002,0.014331000000000002,0.014331000000000002,0.014331000000000002,0.018683000000000005,0.018683000000000005,0.018683000000000005,0.018683000000000005,0.018683000000000005,0.018683000000000005,0.02319099999999999,0.02319099999999999,0.023191,0.023191000000000014,0.023191000000000014,0.023191,0.026805000000000013,0.026805000000000013,0.026805000000000013,0.026805000000000013,0.026805000000000013,0.027584000000000018,42566122.902978934,0.0080887496984268,0.010808492729626052,0.010559415281091404,0.014115408488673339,0.014367817600397861,0.014691736544454213,0.01458069039382437,0.01886122959333879,0.0191870915768317,0.01912593258734972,0.01940613512982762,0.01969227482100192,0.019737687461510573,0.024021540843052754,0.024144263981876468,0.024245307240926526,0.024442978814167748,0.02470236577199469,0.024834910199937412,0.028253117587780124,0.028311671273782577,0.028595449365426875,0.02868216918483483,0.028913013770403638,0.029859031169955436
999.999999999999,100.0,399.9999999999997,3.330000000000002e-05,3.0000000000000004,35999999.99999989,0.003513800000000005,0.004752500000000004,0.004752500000000004,0.006629900000000002,0.006629900000000002,0.006629900000000002,0.006629900000000002,0.009691800000000004,0.009691800000000004,0.009691800000000004,0.009691800000000004,0.009691800000000004,0.009691800000000004,0.013703000000000002,0.013703000000000009,0.013703000000000002,0.013703000000000002,0.013702999999999995,0.013702999999999995,0.017556000000000006,0.017556000000000006,0.017556000000000006,0.017556000000000006,0.017556000000000006,0.018417000000000006,28146392.22775852,0.003358838666689825,0.00458051813965055,0.004777371718970898,0.006444339017716393,0.0070454817155795315,0.007009268659128414,0.007252277321785541,0.009807710084299604,0.00989555986474127,0.010143260980500998,0.010375275963554498,0.010581311698088333,0.010757311761784539,0.013542994696292547,0.013846919670573013,0.013994227539245117,0.01422287564565723,0.014351171470990692,0.014659760244533552,0.017052659975031564,0.017340236864732513,0.017544020389418668,0.01779314236984237,0.018010260555649308,0.018803360081398702
1499.9999999999989,0.10000000000000005,100.0,3.330000000000002e-05,4.999999999999999,5583457.484699998,0.012688000000000001,0.022325000000000005,0.030560000000000007,0.03780800000000003,0.044270999999999984,0.05029600000000003,0.05848799999999997,0.06349399999999998,0.06588100000000004,0.07275499999999999,0.07709200000000004,0.08123600000000006,0.085208,0.08902400000000003,0.09269600000000003,0.09805500000000011,0.09981,0.10506999999999998,0.1085,0.11197,0.11547000000000004,0.11896000000000004,0.12243000000000007,0.12584000000000004,0.12919,5207274.14092973,0.009403123386053085,0.01669552700149089,0.022942789611680683,0.02973150645280823,0.03465772180100452,0.04043100884009727,0.04560176160892095,0.04963584532492953,0.05477298925166362,0.05925410666096462,0.063436495505853,0.06779327584115728,0.07136753805499776,0.07543710348209402,0.07917848338111147,0.08328219050031266,0.0868341540149596,0.09157160684283365,0.09401356480207204,0.09921287769385684,0.1022939615041757,0.10584676659377071,0.1102124784428685,0.11434357309369698,0.11829483284645964
999.999999999999,9.999999999999995,299.99999999999983,3.330000000000002e-05,4.999999999999999,35999999.99999989,0.0009708300000000004,0.0012930000000000016,0.0012930000000000016,0.0017945000000000012,0.0017945000000000012,0.0017945000000000012,0.0017945000000000012,0.002522800000000003,0.002522800000000003,0.002522800000000003,0.002522800000000003,0.002522800000000003,0.002522800000000003,0.003301500000000002,0.003301500000000002,0.003301500000000002,0.003301500000000002,0.003301500000000002,0.003301500000000002,0.003922100000000006,0.003922100000000006,0.003922100000000006,0.003922100000000006,0.003922100000000006,0.004055600000000001,32797831.89807552,0.0010701375017085626,0.001454006034713226,0.001462476349257572,0.0020117209074131115,0.0019960564136906746,0.002039457331354266,0.002031144349585202,0.0027651359293361503,0.0027705574596753454,0.00275945023757966,0.002792421770912437,0.0028064682535325815,0.002815374500592014,0.003527840600199625,0.003549187981831127,0.003554087237148283,0.0035662297731895013,0.0035841224789563853,0.0036120611915236543,0.00415768147189782,0.004161204438247789,0.004179969495170778,0.004178216208770132,0.004190480414687051,0.0043302647461870725
1999.9999999999982,0.10000000000000005,100.0,3.330000000000002e-05,3.999999999999999,2415919.103899994,0.02103100000000001,0.03514600000000002,0.04111200000000002,0.051576000000000004,0.060610999999999984,0.06849900000000003,0.07579699999999999,0.07920400000000005,0.08862700000000005,0.09159399999999997,0.09724599999999999,0.10257000000000001,0.10512000000000003,0.11010000000000003,0.11491000000000004,0.11951000000000002,0.12409000000000002,0.12633,0.13294000000000006,0.13731000000000002,0.13731000000000002,0.14159000000000008,0.14573000000000003,0.14974,0.1536200000000001,3098599.9106964977,0.01461365655626829,0.024462833650802547,0.03331740844642405,0.04113728153395539,0.04784181192579173,0.054779081988326546,0.0616101341002171,0.06429510310215102,0.07050264759610672,0.07639165626344763,0.0807431233944919,0.08633199966162954,0.09032254878770184,0.09349374583777835,0.09728050150151951,0.1018117089111023,0.10572061026876227,0.11116864508426604,0.11346022769108831,0.11831983193339325,0.12128213793135506,0.1252664390274705,0.12937083833367935,0.13366481737624808,0.13705596557442162
499.99999999999943,9.999999999999995,199.99999999999983,3.330000000000002e-05,1.9999999999999998,1503238.5535000002,0.018020000000000005,0.027271000000000014,0.03508300000000002,0.042078,0.054504000000000004,0.060437999999999985,0.06618199999999999,0.07178800000000003,0.07729600000000003,0.08273500000000003,0.08812699999999998,0.09349200000000006,0.10421000000000005,0.10958000000000002,0.11498999999999995,0.12044000000000006,0.12596000000000004,0.13155000000000008,0.14015,0.14597999999999997,0.15191000000000004,0.15798000000000012,0.1673600000000001,0.17423999999999995,0.18115000000000014,867003.038037106,0.013141614243487776,0.021757524991802397,0.0285311371907979,0.036471021831404715,0.04459180166867562,0.05058060844983248,0.05643398205276922,0.0628396020668937,0.07014213651365149,0.07643722100616014,0.08153239812425324,0.08778457570744508,0.0937122671417577,0.10088912033393699,0.10710688430779466,0.11253194975420408,0.11978746902605113,0.1249740036742184,0.13096508037895632,0.1379188994302404,0.1448668530994556,0.1511112701972801,0.1578738074930635,0.1650044128841427,0.17120602237437008
499.99999999999943,100.0,399.9999999999997,3.330000000000002e-05,1.9999999999999998,2469606.1950999987,0.008125300000000002,0.013588000000000006,0.013588000000000006,0.02425600000000001,0.02425600000000001,0.035010000000000006,0.035010000000000006,0.04041300000000001,0.04586200000000002,0.051363,0.05691899999999998,0.06253500000000004,0.06821600000000005,0.07397100000000002,0.07981200000000008,0.08576499999999998,0.08876100000000002,0.09482800000000005,0.10100000000000002,0.10731000000000009,0.11380000000000005,0.11712000000000004,0.12403000000000007,0.13137,0.13903000000000001,2290091.4531932217,0.006736644960332829,0.011950306246877282,0.01623913963122797,0.022042345478170286,0.0282270467047865,0.03325216948966919,0.03893614022634767,0.04261649657800097,0.04947894933669401,0.05496379963988014,0.0601066447650941,0.06584489255104566,0.07160673136961523,0.07668683461956598,0.08174892783821645,0.08869421505619333,0.09528930271261105,0.1015239473357207,0.10765784325985268,0.11237281238555336,0.11989697081663038,0.12716684690464863,0.13485843090346109,0.14259327673977276,0.15056383889358632
1.0,100.0,100.0,3.330000000000002e-05,1.0,12163.481500000005,0.0070245000000000056,0.013515000000000006,0.02662500000000001,0.02662500000000001,0.039857000000000004,0.039857000000000004,0.05322000000000001,0.066724,0.066724,0.08037500000000003,0.08723300000000005,0.09413000000000006,0.10808999999999995,0.10808999999999995,0.11510999999999998,0.12928,0.13642000000000004,0.14361000000000007,0.15085000000000015,0.1581300000000001,0.1654700000000001,0.18033000000000013,0.18033000000000013,0.19536000000000012,0.20288999999999993,13548.980631218968,0.008044780744336162,0.015372777370992711,0.02753436481829752,0.027269540030666665,0.04123261523336157,0.046767477934182095,0.0606705040836435,0.059163748056736465,0.07066863939674121,0.07660509064151788,0.08840147376497262,0.09586365667394293,0.11025908239188362,0.1103891588916105,0.12007940763183476,0.1282825187397246,0.1389917922049344,0.14698320682747607,0.16053421487230599,0.15947079222468913,0.17220831660375982,0.17998957428853563,0.19319879309250174,0.20313775247217383,0.21389215476151818
499.99999999999943,9.999999999999995,100.0,3.330000000000002e-05,3.999999999999999,35999999.99999989,0.015555000000000006,0.01968100000000001,0.01968100000000001,0.024957,0.024957,0.02495700000000001,0.024957,0.03188100000000003,0.031881000000000013,0.03188100000000003,0.031881000000000013,0.031881000000000013,0.031881000000000013,0.03920100000000001,0.03920100000000001,0.03920100000000001,0.039200999999999986,0.03920100000000001,0.03920100000000001,0.04518999999999999,0.04518999999999999,0.04519000000000001,0.04519000000000001,0.045190000000000036,0.04648300000000002,36349265.15125595,0.01481445736911037,0.01879818632304892,0.01954701189991262,0.02429877554388022,0.02479380303403177,0.025374789875553017,0.02482011281123088,0.03171314795147464,0.032621250040810734,0.032424541336820274,0.03287413749444431,0.03342620181863903,0.03375406364147804,0.04064351097849691,0.04093289072682253,0.040791841843786855,0.04150380870985224,0.042233077602251326,0.04229918455477357,0.0479703996524551,0.0481434569536405,0.04878155658756144,0.04930486849898366,0.04966184534761498,0.05128503780809853
499.99999999999943,9.999999999999995,399.9999999999997,3.330000000000002e-05,3.999999999999999,35999999.99999989,0.0020244000000000017,0.0031764000000000015,0.0031764000000000015,0.005014100000000002,0.005014100000000002,0.005014100000000002,0.005014100000000002,0.007773800000000001,0.007773800000000001,0.007773800000000001,0.007773800000000001,0.007773800000000001,0.007773800000000001,0.010848,0.010848,0.010847999999999995,0.010848,0.010848,0.010848,0.013386000000000002,0.013386000000000002,0.013386000000000002,0.013385999999999997,0.013386000000000009,0.013934999999999998,33772892.50144026,0.002218139036640786,0.0034336417058349745,0.003710477570631709,0.005473219268275515,0.005686160064825085,0.006029204103842481,0.006043079752599526,0.00889285124117464,0.0091046540105555,0.009171634325267533,0.009514752068644126,0.009663870801496974,0.009825604625638563,0.012841153711655005,0.01316235518204249,0.01324269309143917,0.013422917215218839,0.01366050251616947,0.01399729311149238,0.016363876140804385,0.01660277361476334,0.01680932459762235,0.01702246795173634,0.017146348751955243,0.01793218546474779
1.0,100.0,100.0,3.330000000000002e-05,3.0000000000000004,90596.96629999993,0.0038096000000000054,0.007054700000000006,0.013630000000000008,0.013630000000000008,0.02029700000000001,0.02029700000000001,0.027070000000000007,0.027070000000000007,0.033967,0.03743800000000001,0.040940000000000025,0.044477000000000017,0.04805000000000004,0.05166200000000002,0.055317000000000054,0.05901900000000001,0.062777,0.06660400000000002,0.07252200000000004,0.07655799999999999,0.08071,0.08737699999999998,0.09098500000000007,0.09759400000000008,0.10384000000000003,135744.76656543565,0.003497088020914951,0.006389445339762723,0.011981145723357633,0.012117519716696057,0.017556168145811443,0.02041612864292645,0.024988699874400847,0.026862154895132807,0.031403833840738395,0.03444328230115198,0.038648985030152225,0.041322390785739176,0.046771042889520796,0.049925443585038004,0.053814331606481317,0.05725136179560881,0.06179993641685598,0.06536084282671559,0.07042013090186659,0.07349534844665437,0.0785719709508838,0.08340753895623641,0.089231823667198,0.09506958530689585,0.10311403565519417
1499.9999999999989,9.999999999999995,199.99999999999983,3.330000000000002e-05,1.0,146800.6398999998,0.017184000000000015,0.027015000000000004,0.027015000000000004,0.043387000000000016,0.043386999999999995,0.05836299999999999,0.05836299999999999,0.07264500000000002,0.07264500000000002,0.07264500000000002,0.08656600000000003,0.08656600000000003,0.10030000000000006,0.10030000000000006,0.11396000000000002,0.11396000000000002,0.11396000000000002,0.12757,0.13438,0.14119999999999996,0.14119999999999996,0.15483,0.15483,0.16164000000000003,0.16757000000000008,196205.99869777143,0.022369785814712752,0.03576462017358661,0.043822251784735956,0.05646080681135032,0.06648572380876766,0.07461765259323301,0.08185048615516033,0.09249288835969524,0.10176060916512812,0.10931229643715366,0.11487565774764714,0.12344450709299085,0.13113130542682522,0.14240232839861944,0.14979164228754813,0.1552426656085897,0.1644673945632199,0.1702268609424974,0.17782767748028944,0.1882645421429728,0.1945443532015812,0.20137676353303013,0.20669625291307342,0.21371102788068297,0.22086252054789937
999.999999999999,1.0,199.99999999999983,3.330000000000002e-05,3.999999999999999,35999999.99999989,0.01584100000000001,0.024104000000000004,0.030536999999999995,0.030537000000000012,0.035857000000000014,0.04405700000000002,0.04405700000000002,0.04405700000000002,0.05078900000000001,0.05078900000000001,0.05655000000000004,0.05655000000000004,0.05655000000000004,0.05655000000000004,0.06583299999999999,0.06583299999999999,0.06583299999999999,0.06583299999999999,0.07175700000000003,0.07175700000000003,0.07175700000000003,0.07707400000000003,0.07707400000000003,0.07707400000000003,0.07905799999999996,28958982.555808775,0.01304683312588273,0.02080823308983888,0.024336824395732138,0.032075163983825296,0.034646523498902404,0.038926566210603815,0.0407640667485841,0.04723058970493134,0.049995397657544204,0.05213222166577827,0.05476414046877906,0.057419577672609114,0.059084730433718965,0.06357209860137078,0.066015349600222,0.06770246469400698,0.06978894061590815,0.07218487033965473,0.0743012813500286,0.07751873428579059,0.07935706396483899,0.08131222914597992,0.08321643942584246,0.08533230175374225,0.088078000938484
499.99999999999943,1.0,100.0,3.330000000000002e-05,1.0,38587.59669999993,0.021665000000000007,0.038007999999999986,0.05253599999999999,0.06581,0.07815100000000001,0.08976499999999998,0.08976499999999998,0.10078999999999998,0.11132000000000002,0.12144,0.13120000000000007,0.14064000000000002,0.14064000000000002,0.15826999999999994,0.16684000000000004,0.17519999999999997,0.17519999999999997,0.19102,0.19102,0.20603000000000013,0.20603000000000013,0.22034000000000012,0.22034000000000012,0.2340100000000001,0.2340100000000001,31499.707013048646,0.016587096033618024,0.02945211826939488,0.040242384346147526,0.05032240782800265,0.06121886470220997,0.07103995297675386,0.08075933372997866,0.09054411808176285,0.09920296810886588,0.10726333199035026,0.11720663457748831,0.1250063383251281,0.13520138021038197,0.14339999247672336,0.15338522925872428,0.1602788859411376,0.16997041365030321,0.1752456119202241,0.18583340149112393,0.19565160704065226,0.20040125557592484,0.2097474307381496,0.21718497863367314,0.22610988278197214,0.23317947418499596
999.999999999999,100.0,199.99999999999983,3.330000000000002e-05,1.9999999999999998,3919157.6574999946,0.006580999999999999,0.009929399999999996,0.016059000000000004,0.016059000000000004,0.02811600000000002,0.02811600000000002,0.03414700000000002,0.040225000000000004,0.04636300000000001,0.04636300000000001,0.052568,0.058848000000000004,0.058848000000000004,0.06521700000000004,0.07170099999999999,0.07496400000000009,0.08157100000000006,0.08491800000000001,0.09171700000000003,0.09517700000000001,0.10226999999999999,0.10595,0.11177000000000001,0.11810000000000001,0.12468000000000003,5365527.371381496,0.008122339539667225,0.012767437872168639,0.017397836466153817,0.022081752210849577,0.027774273399730195,0.03202531561472741,0.03629009767436059,0.041665950588102345,0.04749815691317944,0.05226164284125549,0.056822286454998684,0.061294479780631954,0.06629001471705559,0.07381227039730233,0.07882639765355211,0.08404091856452267,0.08964961124180042,0.09529973508537701,0.10032646744105099,0.1081581397461926,0.11496243312592612,0.12059915678565548,0.12779689141743703,0.13415971517400893,0.14182763365249165
1499.9999999999989,1.0,100.0,3.330000000000002e-05,1.0,78852.91509999995,0.02814400000000001,0.04482500000000001,0.05890400000000005,0.071373,0.08272900000000002,0.09326099999999998,0.09326099999999998,0.11194000000000004,0.11194000000000004,0.12874000000000008,0.12874000000000008,0.14402000000000006,0.14402000000000006,0.15808,0.15808,0.17116,0.17116,0.17116,0.1834699999999999,0.1834699999999999,0.19513000000000003,0.19513000000000003,0.20624000000000012,0.21166999999999997,0.2143600000000001,57415.61228865209,0.025973647094622302,0.04311118041122012,0.05538757394917013,0.06845235218654534,0.08067675211637279,0.09093652475892575,0.10075711536869385,0.1128535420752314,0.12007906744164182,0.1290013591548902,0.13889796414989897,0.14750895245489548,0.15689791432506806,0.1651352603539794,0.17519648864774676,0.1811879018959746,0.19083649159734178,0.19490070741590637,0.20628022738327617,0.21519644035566363,0.21926887327874772,0.22805372872164,0.23374008341009606,0.24209214949205804,0.24817163045607069
1999.9999999999982,1.0,100.0,3.330000000000002e-05,3.999999999999999,35999999.99999989,0.02567400000000002,0.032062000000000014,0.032062000000000014,0.039614000000000024,0.039614000000000024,0.039614000000000024,0.039614000000000024,0.048565000000000004,0.048565000000000004,0.048565000000000025,0.048565000000000004,0.048565000000000004,0.048565000000000004,0.05708199999999997,0.05708199999999997,0.05708199999999997,0.05708199999999997,0.05708199999999997,0.05708199999999997,0.06349100000000008,0.06349100000000008,0.06349100000000008,0.06349100000000008,0.06349100000000008,0.064852,33461950.12384829,0.025274393162887675,0.03291794913054753,0.0341667293230206,0.04130295982667859,0.04215302978446797,0.043608529442327154,0.04430996315230474,0.048391974693787705,0.050439598223394645,0.05100050214059118,0.0515234163541127,0.052962232712949295,0.05310648764987787,0.05714694548856277,0.057712323650707,0.05764352095529049,0.05843011941033926,0.05987635263256686,0.05941593324330453,0.06284457207162755,0.06282401602690152,0.06327284015142094,0.06368671644808258,0.06404343068063573,0.06514289858816649
1.0,9.999999999999995,100.0,3.330000000000002e-05,1.9999999999999998,34367.07829999998,0.006994900000000004,0.01349700000000001,0.01349700000000001,0.02004600000000001,0.02664900000000001,0.033309,0.040033,0.046824000000000005,0.046824000000000005,0.05368800000000001,0.06063200000000005,0.06766,0.07478100000000006,0.07478100000000006,0.08200600000000001,0.08935299999999999,0.09687300000000003,0.10067000000000004,0.10837,0.11628999999999996,0.12035000000000005,0.12875000000000003,0.13765999999999998,0.14234000000000005,0.15197999999999998,64801.680995213566,0.007478824189920033,0.013676031603795326,0.023017808057552953,0.0234577663849025,0.033528462577167344,0.03713576293092989,0.04583032781626769,0.04736015600717065,0.05553122430121352,0.05869135027786501,0.06662781731040314,0.07101866740267254,0.07958903717732815,0.08386005625151036,0.0893382392187632,0.09467159130635071,0.10125829324168727,0.10681738726588622,0.11364987255602128,0.11719907323790342,0.1251799410339977,0.1302874716722197,0.1391718751393772,0.1456901643945666,0.15328182526465373
1.0,1.0,499.99999999999943,3.330000000000002e-05,3.999999999999999,35999999.99999989,0.0012653000000000005,0.0019706000000000007,0.0019706000000000007,0.0033810000000000008,0.0033810000000000008,0.0033810000000000008,0.0033810000000000008,0.0062256000000000065,0.0062256000000000065,0.0062256000000000065,0.0062256000000000065,0.0062256000000000065,0.0062256000000000065,0.010419000000000005,0.010419000000000005,0.010419000000000005,0.010419000000000005,0.010419000000000005,0.010419000000000005,0.014663000000000006,0.014663000000000006,0.014663000000000006,0.014663000000000006,0.014662999999999999,0.015619000000000004,43411466.459294125,0.001571857141216651,0.002350673231245898,0.002322254876052901,0.0037630535202622523,0.0038037022170872713,0.004153251006411849,0.004346132711456889,0.006060439329669618,0.006627587138833504,0.006737105338473489,0.007051873643049029,0.00723815633551183,0.0073421017716114225,0.010324052455135766,0.010427053914296868,0.010907815232000892,0.010984189457332549,0.011342830060882884,0.011487128382214835,0.014212411918776148,0.014622203124675852,0.014896550008724708,0.015321594414093118,0.015506186049570207,0.01642644240793657
999.999999999999,9.999999999999995,199.99999999999983,3.330000000000002e-05,1.9999999999999998,3972844.7486999906,0.017906999999999996,0.025610000000000008,0.03708300000000001,0.04683400000000001,0.05565100000000005,0.05565100000000005,0.063905,0.07180300000000005,0.07947500000000002,0.07947500000000002,0.08701200000000009,0.09448800000000006,0.10197,0.10571000000000005,0.10946000000000006,0.11698000000000001,0.12077000000000007,0.1284200000000001,0.13229000000000013,0.14016999999999993,0.1441900000000001,0.1524900000000001,0.15684000000000003,0.16606999999999997,0.17082000000000006,2624644.178483669,0.017509214361342788,0.02677493164515356,0.03399057485479444,0.04191184219051784,0.04998278280260094,0.05539986051407346,0.061233589635787816,0.06788726319100365,0.07461240304615617,0.08058403749093035,0.08527501724530336,0.09101615421778617,0.09605248925933103,0.10436648397152691,0.10955719941962093,0.11442729835068109,0.12043102855984113,0.12556314601374827,0.13035707542872624,0.1384913812513215,0.1443004618616861,0.14972763209157394,0.1555932322114481,0.16136764558159292,0.1672538522542328
1.0,9.999999999999995,199.99999999999983,3.330000000000002e-05,4.999999999999999,24051816.857499972,0.0023904,0.004216300000000004,0.0079139,0.0079139,0.011650000000000008,0.011650000000000008,0.015431000000000009,0.015431000000000009,0.019265000000000008,0.023166000000000016,0.023166000000000016,0.02716700000000001,0.029182000000000007,0.031221000000000002,0.033289000000000006,0.03539000000000003,0.03753200000000002,0.039731000000000016,0.043175000000000026,0.04554,0.047997000000000026,0.05130800000000001,0.054170000000000024,0.058042000000000024,0.06438000000000003,24529991.59137033,0.002726523125034063,0.004569583011355312,0.00687595369792982,0.008609439122711766,0.01068580717083413,0.01178271018417052,0.01366596063815526,0.017243201463694777,0.018795528998479714,0.02019745551190339,0.02184644216559423,0.023251598444721452,0.025007733925572612,0.029727078329589686,0.03131440336104569,0.03319075132403737,0.03472050054764127,0.03644637751794342,0.038507576112627694,0.043146154028810044,0.045680277636511404,0.047338589069545634,0.049721958868592535,0.052304957050230416,0.05728637440354018
1999.9999999999982,9.999999999999995,100.0,3.330000000000002e-05,1.9999999999999998,12240656.793499995,0.024380000000000006,0.033431000000000016,0.04093400000000001,0.047576000000000014,0.05919999999999997,0.05919999999999997,0.06993899999999997,0.08020099999999995,0.08020099999999995,0.08523499999999998,0.0951360000000001,0.10004000000000005,0.10493000000000001,0.10983000000000005,0.11475000000000003,0.11969000000000003,0.12468000000000003,0.13490000000000002,0.13749000000000008,0.14539999999999997,0.15078000000000003,0.15627000000000005,0.16187000000000004,0.17072,0.17666999999999997,6526016.4616052,0.025618551065429596,0.033808238415881285,0.04266604612161773,0.04735631215851328,0.05631756833531599,0.060733949104419406,0.0650429276480637,0.0709716612331037,0.0770869079396747,0.0823367593710708,0.08664566169211436,0.09177114569523427,0.09601070010438001,0.10381643668544283,0.10889213766062573,0.11192521484299874,0.11703401542087417,0.12186879482124426,0.1256469425548692,0.13372770555142185,0.1393711021310031,0.1429871534240143,0.14805609236270528,0.1530516718091684,0.15836927668572903
