VSH_TAU_0,VSH_TAU_SAT,VSH_B,AI_N,AI_GAMMA0,VIHR_S0,VIHR_R,VIHR_D,GPL_N,GPL_ETA,x_end,y_1,y_2,y_3,y_4,y_5,y_6,y_7,y_8,y_9,y_10,y_11,y_12,y_13,y_14,y_15,y_16,y_17,y_18,y_19,y_20,y_21,y_22,y_23,y_24,y_25
100.0,1.0,0.1,1.0,3.3333e-05,107.0,8600.0,0.25,4.5,1450.0,0.52421807830229,400.58,435.17,461.4,480.66,491.1,500.29,504.7,505.25,502.83,499.0,491.76,485.09,474.99,463.99,452.49,440.83,429.28,418.03,407.15,394.14,384.2,372.34,363.29,352.5,342.25
100.0,1.0,0.1,5.0,3.3333e-05,107.0,8600.0,0.25,4.5,1450.0,0.39605054685361,310.01,311.18,311.69,311.58,311.04,309.69,308.46,306.12,304.26,300.99,298.47,294.17,289.18,283.53,277.24,270.37,260.18,251.54,238.27,219.08,199.74,174.87,151.52,129.83,111.77
100.0,1.0,0.1,10.0,3.3333e-05,107.0,8600.0,0.25,4.5,1450.0,0.093487588050898,274.68,278.12,279.36,279.36,279.47,279.47,279.37,279.37,279.14,278.81,278.81,278.44,278.44,277.89,277.89,277.25,277.25,276.48,275.63,275.63,274.33,274.33,272.79,272.79,271.19
100.0,1.0,0.1,15.0,3.3333e-05,107.0,8600.0,0.25,4.5,1450.0,0.080785754144887,260.89,266.32,266.32,267.47,267.47,267.43,267.43,267.03,267.03,266.54,266.54,265.86,265.86,265.01,265.01,263.93,263.93,262.49,262.49,262.49,260.64,260.64,257.97,257.97,255.36
100.0,1.0,0.1,20.0,3.3333e-05,107.0,8600.0,0.25,4.5,1450.0,0.067891226771012,254.83,258.95,259.94,260.98,260.98,260.98,260.79,260.79,260.21,260.21,260.21,259.36,259.36,259.36,258.26,258.26,256.77,256.77,256.77,254.92,254.92,252.15,252.15,248.84,248.84
100.0,1.0,1.0,1.0,3.3333e-05,107.0,8600.0,0.25,4.5,1450.0,0.52411195656234,400.65,435.35,461.75,481.21,494.67,501.27,505.94,506.7,504.53,500.89,493.86,487.32,477.38,466.49,455.06,443.45,431.92,420.66,409.77,396.73,386.76,374.86,365.78,354.94,344.64
100.0,1.0,1.0,5.0,3.3333e-05,107.0,8600.0,0.25,4.5,1450.0,0.39704503507514,310.12,311.38,311.99,312.02,311.58,310.37,309.21,307.01,305.24,302.09,299.65,295.44,290.55,284.99,278.84,272.14,262.13,253.63,240.48,221.49,202.17,177.12,153.5,131.43,113.04
100.0,1.0,1.0,10.0,3.3333e-05,107.0,8600.0,0.25,4.5,1450.0,0.093488316715346,274.69,278.15,279.44,279.44,279.6,279.6,279.56,279.56,279.45,279.15,279.15,278.77,278.77,278.3,278.3,277.71,277.71,277.02,276.23,276.23,275.07,275.07,273.68,273.68,272.11
100.0,1.0,1.0,15.0,3.3333e-05,107.0,8600.0,0.25,4.5,1450.0,0.12468502383971,265.34,266.36,267.56,267.58,267.24,267.24,266.74,266.04,265.04,265.04,263.93,261.64,259.79,259.79,258.11,256.01,253.45,250.36,250.36,246.71,242.88,238.58,233.98,229.18,223.9
100.0,1.0,1.0,20.0,3.3333e-05,107.0,8600.0,0.25,4.5,1450.0,0.06147329390924,251.22,258.98,259.98,259.98,261.08,261.08,260.86,260.86,260.86,260.39,260.39,260.39,259.53,259.53,259.53,258.46,258.46,258.46,257.07,257.07,254.93,254.93,254.93,252.14,252.14
100.0,1.0,10.0,1.0,3.3333e-05,107.0,8600.0,0.25,4.5,1450.0,0.52388139964932,401.13,436.4,463.3,483.16,496.9,503.65,508.43,509.21,507.01,503.31,496.16,489.5,479.4,468.34,456.74,444.97,433.3,421.92,410.92,397.76,387.7,375.71,366.55,355.64,345.27
100.0,1.0,10.0,5.0,3.3333e-05,107.0,8600.0,0.25,4.5,1450.0,0.39605171753937,310.96,312.67,313.58,313.89,313.54,312.38,311.22,308.96,307.13,303.89,301.37,297.04,292.01,286.3,279.97,273.05,262.77,254.04,240.57,221.16,201.61,176.45,152.86,130.87,112.59
100.0,1.0,10.0,10.0,3.3333e-05,107.0,8600.0,0.25,4.5,1450.0,0.093391552079376,274.83,278.45,280.11,280.11,280.55,280.55,280.74,280.74,280.81,280.65,280.65,280.39,280.39,280.01,280.01,279.55,279.55,278.83,278.0,278.0,276.95,276.95,275.6,275.6,273.79
100.0,1.0,10.0,15.0,3.3333e-05,107.0,8600.0,0.25,4.5,1450.0,0.18005346636084,266.69,268.28,268.51,268.42,268.08,267.65,266.83,265.91,262.28,260.0,257.93,255.34,252.32,248.64,240.43,235.82,230.78,219.73,205.71,187.73,171.39,157.07,138.95,121.3,107.11
100.0,1.0,10.0,20.0,3.3333e-05,107.0,8600.0,0.25,4.5,1450.0,0.06787241388528,254.96,259.24,260.34,261.84,261.84,261.84,261.91,261.91,261.69,261.69,261.69,261.02,261.02,260.23,260.23,260.23,258.91,258.91,257.22,257.22,257.22,254.65,254.65,251.44,251.44
100.0,500.0,0.1,1.0,3.3333e-05,107.0,8600.0,0.25,4.5,1450.0,0.51378103712164,404.12,445.36,480.87,511.84,538.99,562.81,578.69,597.44,613.62,624.16,636.21,646.1,652.19,658.62,663.26,666.25,667.74,667.9,666.87,664.83,661.06,657.25,651.71,646.81,640.3
100.0,500.0,0.1,5.0,3.3333e-05,107.0,8600.0,0.25,4.5,1450.0,0.50897454497287,316.16,325.52,336.87,344.74,352.16,359.16,367.93,374.11,381.84,387.28,394.08,398.86,404.79,410.24,415.22,419.74,423.79,428.2,431.21,434.3,436.21,437.88,438.7,438.29,436.29
100.0,500.0,0.1,10.0,3.3333e-05,107.0,8600.0,0.25,4.5,1450.0,0.43664737529103,286.9,292.39,300.2,307.7,312.5,319.47,326.07,332.36,338.27,343.9,349.18,354.1,358.64,362.76,367.56,370.59,373.74,375.72,376.23,374.88,369.95,358.91,341.07,319.53,294.86
100.0,500.0,0.1,15.0,3.3333e-05,107.0,8600.0,0.25,4.5,1450.0,0.39250059203417,272.56,281.07,286.39,291.52,298.81,303.41,310.2,314.42,320.49,324.31,329.7,334.66,339.21,343.28,346.79,349.58,351.5,352.13,349.89,344.4,331.07,314.81,293.63,271.85,251.81
100.0,500.0,0.1,20.0,3.3333e-05,107.0,8600.0,0.25,4.5,1450.0,0.20938502844977,262.15,266.45,272.39,275.25,277.8,280.42,285.49,287.96,290.37,292.74,297.53,299.75,301.92,306.3,308.38,312.28,314.28,316.07,319.67,321.4,324.67,326.22,329.2,330.66,333.15
100.0,500.0,1.0,1.0,3.3333e-05,107.0,8600.0,0.25,4.5,1450.0,0.42702715432778,427.84,501.63,573.96,644.92,714.47,799.38,865.64,930.39,993.6,1055.2,1115.2,1173.5,1230.0,1284.6,1337.2,1387.7,1435.9,1481.8,1525.1,1565.6,1603.2,1637.6,1661.2,1689.3,1713.5
100.0,500.0,1.0,5.0,3.3333e-05,107.0,8600.0,0.25,4.5,1450.0,0.46585617259064,357.67,422.56,483.14,541.48,597.89,652.41,705.05,755.76,804.51,851.25,895.95,938.54,978.98,1017.2,1053.1,1086.7,1117.9,1146.6,1172.7,1196.1,1216.7,1234.4,1249.0,1262.5,1269.3
100.0,500.0,1.0,10.0,3.3333e-05,107.0,8600.0,0.25,4.5,1450.0,0.45752870748394,335.93,386.0,445.73,502.03,556.08,595.33,646.02,694.84,741.77,786.78,829.81,870.8,900.16,937.39,972.29,1004.7,1034.4,1060.9,1084.0,1102.8,1116.4,1123.5,1119.4,1092.3,1014.7
100.0,500.0,1.0,15.0,3.3333e-05,107.0,8600.0,0.25,4.5,1450.0,0.44038948789806,327.14,377.91,422.98,479.25,532.92,571.81,622.01,670.35,705.38,750.43,793.55,824.57,864.11,901.45,936.43,960.97,991.12,1017.9,1040.5,1057.8,1067.7,1066.2,1033.8,934.68,785.8
100.0,500.0,1.0,20.0,3.3333e-05,107.0,8600.0,0.25,4.5,1450.0,0.4295128986727,322.38,373.61,418.66,460.91,514.7,566.33,603.78,652.1,687.12,732.19,764.73,806.37,845.96,874.21,909.82,942.83,965.62,992.93,1015.9,1029.4,1040.2,1031.9,972.71,836.13,691.98
100.0,500.0,10.0,1.0,3.3333e-05,107.0,8600.0,0.25,4.5,1450.0,0.3515891320867,495.92,673.08,837.14,990.9,1112.0,1227.3,1337.3,1421.8,1523.2,1601.3,1676.5,1749.1,1801.8,1869.6,1934.5,1981.2,2026.1,2083.0,2123.1,2161.0,2196.4,2228.9,2258.3,2284.0,2305.5
100.0,500.0,10.0,5.0,3.3333e-05,107.0,8600.0,0.25,4.5,1450.0,0.37295549298567,536.24,782.21,975.27,1150.7,1265.4,1371.1,1466.9,1535.8,1596.8,1636.9,1681.9,1708.5,1728.3,1737.4,1744.2,1742.2,1731.2,1719.4,1695.9,1666.2,1631.2,1577.3,1531.7,1462.2,1379.6
100.0,500.0,10.0,10.0,3.3333e-05,107.0,8600.0,0.25,4.5,1450.0,0.30986066264797,500.84,692.6,892.17,1022.3,1142.5,1252.3,1331.9,1403.3,1450.7,1492.1,1526.4,1544.7,1563.7,1569.1,1566.5,1543.5,1515.9,1481.3,1419.8,1342.9,1239.3,1078.2,882.18,733.77,614.78
100.0,500.0,10.0,15.0,3.3333e-05,107.0,8600.0,0.25,4.5,1450.0,0.28344716008554,463.82,661.6,835.92,969.1,1091.8,1182.0,1264.8,1339.0,1388.3,1430.9,1455.1,1483.3,1494.8,1497.3,1486.4,1460.4,1424.3,1357.1,1299.6,1177.4,997.84,833.0,685.06,580.07,498.77
100.0,500.0,10.0,20.0,3.3333e-05,107.0,8600.0,0.25,4.5,1450.0,0.27023515476118,463.52,661.24,807.31,942.04,1065.9,1157.0,1240.3,1297.1,1348.2,1392.6,1417.8,1446.8,1457.3,1455.7,1435.9,1401.3,1358.9,1276.3,1195.0,1044.6,853.72,728.2,612.01,520.02,455.35
100.0,1000.0,0.1,1.0,3.3333e-05,107.0,8600.0,0.25,4.5,1450.0,0.498127447016,407.45,454.43,497.39,537.24,574.47,609.38,634.16,665.42,694.74,722.14,747.68,765.61,787.9,808.36,826.99,843.79,858.79,872.01,883.46,893.19,901.24,909.04,913.56,916.67,918.72
100.0,1000.0,0.1,5.0,3.3333e-05,107.0,8600.0,0.25,4.5,1450.0,0.51448766581809,321.95,343.48,358.97,373.97,393.28,407.27,425.32,438.4,455.27,471.49,483.25,498.39,512.92,526.87,540.23,553.02,565.25,579.75,590.74,603.71,613.47,624.93,635.55,645.32,654.24
100.0,1000.0,0.1,10.0,3.3333e-05,107.0,8600.0,0.25,4.5,1450.0,0.50189262480649,293.78,309.25,323.96,338.24,356.58,369.95,383.02,399.94,412.28,428.28,443.74,454.98,469.49,483.42,496.76,509.49,521.57,532.99,546.26,556.01,566.98,576.36,583.79,589.42,590.34
100.0,1000.0,0.1,15.0,3.3333e-05,107.0,8600.0,0.25,4.5,1450.0,0.48581165781662,282.91,298.56,313.22,327.34,341.04,354.39,367.42,384.32,396.65,408.76,424.3,439.35,450.34,464.34,477.78,490.58,502.69,514.04,524.53,536.22,545.84,552.62,555.32,551.48,534.68
100.0,1000.0,0.1,20.0,3.3333e-05,107.0,8600.0,0.25,4.5,1450.0,0.47291176160885,277.2,292.94,302.9,317.12,330.99,348.69,361.76,374.35,386.73,398.81,414.46,425.84,440.53,451.18,464.91,477.85,490.16,501.68,512.26,523.79,531.12,536.75,535.96,523.47,497.89
100.0,1000.0,1.0,1.0,3.3333e-05,107.0,8600.0,0.25,4.5,1450.0,0.35337604522259,422.06,514.15,604.33,693.41,781.41,889.89,975.47,1060.0,1143.6,1246.7,1328.1,1408.7,1488.4,1567.3,1645.3,1722.4,1798.6,1873.9,1948.2,2021.4,2093.6,2164.6,2234.3,2285.6,2352.8
100.0,1000.0,1.0,5.0,3.3333e-05,107.0,8600.0,0.25,4.5,1450.0,0.38837158788158,387.84,480.0,566.35,650.57,753.54,834.22,913.47,1010.6,1086.8,1161.7,1235.2,1307.4,1395.7,1464.8,1532.4,1598.4,1662.8,1710.0,1771.3,1830.7,1887.9,1943.0,1995.5,2033.2,2081.0
100.0,1000.0,1.0,10.0,3.3333e-05,107.0,8600.0,0.25,4.5,1450.0,0.39728721654553,372.25,444.23,551.32,633.56,713.95,812.22,889.18,964.73,1057.2,1129.7,1200.8,1270.6,1338.8,1405.6,1470.8,1534.3,1596.1,1655.9,1713.5,1768.8,1821.4,1870.9,1905.7,1948.2,1985.4
100.0,1000.0,1.0,15.0,3.3333e-05,107.0,8600.0,0.25,4.5,1450.0,0.40024639228838,365.79,438.97,545.66,627.17,706.76,803.99,880.12,954.84,1028.2,1117.9,1188.1,1257.0,1324.3,1390.1,1454.2,1516.6,1577.0,1635.4,1691.4,1744.6,1794.6,1829.4,1871.5,1907.1,1933.2
100.0,1000.0,1.0,20.0,3.3333e-05,107.0,8600.0,0.25,4.5,1450.0,0.40144455961261,362.21,436.18,521.99,623.79,702.95,780.49,875.32,949.59,1022.5,1094.0,1181.4,1249.7,1316.5,1381.8,1445.3,1507.1,1566.9,1624.4,1679.4,1731.4,1779.5,1812.5,1851.2,1880.8,1894.2
100.0,1000.0,10.0,1.0,3.3333e-05,107.0,8600.0,0.25,4.5,1450.0,0.24684470766904,485.72,656.93,848.18,1000.0,1174.5,1314.3,1449.6,1581.1,1683.9,1809.7,1908.5,2005.7,2101.7,2196.4,2266.7,2359.6,2428.6,2519.7,2587.5,2654.8,2721.6,2787.8,2853.6,2918.7,2983.3
100.0,1000.0,10.0,5.0,3.3333e-05,107.0,8600.0,0.25,4.5,1450.0,0.21346387087887,499.37,757.57,992.74,1213.7,1423.1,1594.8,1760.5,1894.3,2024.7,2151.9,2251.3,2348.7,2444.0,2514.0,2582.7,2649.9,2715.5,2779.2,2820.5,2880.4,2918.9,2955.9,2991.2,3024.6,3055.6
100.0,1000.0,10.0,10.0,3.3333e-05,107.0,8600.0,0.25,4.5,1450.0,0.23224515816745,540.56,829.51,1092.7,1338.6,1542.0,1736.3,1896.4,2025.6,2151.0,2272.5,2366.6,2457.6,2523.4,2586.8,2647.2,2685.4,2738.7,2770.6,2798.2,2819.1,2827.5,2812.0,2791.9,2731.8,2658.9
100.0,1000.0,10.0,15.0,3.3333e-05,107.0,8600.0,0.25,4.5,1450.0,0.23415055572634,540.98,864.36,1125.2,1368.9,1570.6,1763.1,1921.5,2049.0,2172.4,2267.9,2360.1,2448.4,2511.4,2570.8,2607.7,2657.1,2683.5,2698.4,2684.1,2656.3,2569.8,2476.0,2387.5,2271.2,2208.7
100.0,1000.0,10.0,20.0,3.3333e-05,107.0,8600.0,0.25,4.5,1450.0,0.22176380694308,541.18,830.7,1094.0,1309.7,1514.0,1708.7,1868.6,1997.2,2121.5,2217.7,2310.5,2377.5,2441.7,2502.4,2558.0,2590.8,2617.2,2628.6,2593.1,2547.7,2439.6,2338.0,2243.4,2164.1,2065.4
100.0,1500.0,0.1,1.0,3.3333e-05,107.0,8600.0,0.25,4.5,1450.0,0.48098822125362,410.57,462.58,511.71,558.62,603.64,646.95,688.66,718.92,757.95,795.46,831.45,865.9,898.77,930.05,959.69,987.66,1013.9,1038.4,1061.2,1082.2,1101.3,1118.6,1134.1,1150.8,1162.1
100.0,1500.0,0.1,5.0,3.3333e-05,107.0,8600.0,0.25,4.5,1450.0,0.50663637578229,327.41,357.07,378.61,406.59,427.07,453.73,473.25,498.67,523.39,541.48,565.0,587.84,610.0,631.5,652.32,672.48,691.98,710.82,733.45,750.83,771.64,787.57,806.59,824.62,841.65
100.0,1500.0,0.1,10.0,3.3333e-05,107.0,8600.0,0.25,4.5,1450.0,0.50428674023441,300.23,322.03,342.74,369.39,388.86,414.24,432.89,457.27,475.19,498.61,521.48,543.79,565.54,586.7,607.26,627.2,646.51,665.16,687.51,704.61,724.94,744.05,761.82,778.09,792.61
100.0,1500.0,0.1,15.0,3.3333e-05,107.0,8600.0,0.25,4.5,1450.0,0.50119766131765,289.71,311.76,332.37,358.82,378.05,396.83,421.53,439.57,463.26,486.44,503.48,525.74,547.45,568.59,589.13,609.05,628.33,651.48,669.22,690.35,706.33,724.99,741.91,756.59,770.14
100.0,1500.0,0.1,20.0,3.3333e-05,107.0,8600.0,0.25,4.5,1450.0,0.49835698578827,284.18,306.48,327.08,346.87,372.32,391.06,409.54,433.62,457.19,474.53,497.21,519.36,540.97,562.01,582.45,602.28,621.48,640.01,662.19,679.07,698.92,717.09,733.01,745.66,754.26
100.0,1500.0,1.0,1.0,3.3333e-05,107.0,8600.0,0.25,4.5,1450.0,0.30743854633455,431.97,534.98,610.4,734.51,832.49,929.36,1025.2,1120.0,1237.2,1330.0,1422.2,1513.6,1604.5,1717.3,1807.0,1896.2,1985.1,2073.5,2161.6,2249.2,2336.5,2423.4,2488.3,2574.5,2660.2
100.0,1500.0,1.0,5.0,3.3333e-05,107.0,8600.0,0.25,4.5,1450.0,0.32141503264799,408.82,490.53,592.48,716.31,813.41,909.0,1026.6,1119.3,1233.7,1324.0,1413.5,1502.1,1611.7,1698.5,1784.5,1869.8,1954.4,2038.1,2121.1,2203.2,2264.2,2344.7,2424.1,2482.9,2560.3
100.0,1500.0,1.0,10.0,3.3333e-05,107.0,8600.0,0.25,4.5,1450.0,0.32891590666967,363.76,481.28,582.72,705.03,800.73,894.89,1010.7,1101.9,1214.5,1303.3,1391.3,1478.3,1586.0,1671.1,1755.5,1839.0,1921.6,2003.3,2084.1,2163.9,2222.9,2300.6,2377.0,2433.2,2506.8
100.0,1500.0,1.0,15.0,3.3333e-05,107.0,8600.0,0.25,4.5,1450.0,0.33201104347763,357.78,477.74,578.97,700.67,795.83,889.44,1004.5,1095.2,1207.1,1295.4,1382.8,1469.2,1576.1,1660.6,1744.3,1827.1,1908.9,1989.8,2069.7,2148.4,2206.6,2283.1,2357.9,2412.9,2484.3
100.0,1500.0,1.0,20.0,3.3333e-05,107.0,8600.0,0.25,4.5,1450.0,0.33378170346546,354.67,475.91,577.01,698.36,793.23,886.54,1001.3,1091.7,1203.1,1291.1,1378.2,1464.3,1570.8,1654.9,1738.2,1820.6,1902.0,1982.4,2061.8,2139.9,2197.7,2273.4,2347.4,2401.5,2471.6
100.0,1500.0,10.0,1.0,3.3333e-05,107.0,8600.0,0.25,4.5,1450.0,0.19470740667902,497.62,642.99,813.67,1009.2,1165.5,1316.7,1463.5,1606.4,1718.4,1855.8,1964.0,2070.8,2176.5,2281.2,2385.1,2488.2,2565.2,2667.4,2743.8,2845.3,2921.3,2997.1,3072.9,3148.5,3224.1
100.0,1500.0,10.0,5.0,3.3333e-05,107.0,8600.0,0.25,4.5,1450.0,0.12179519429587,412.21,635.47,822.35,999.54,1202.5,1365.0,1553.4,1705.7,1854.4,1971.0,2114.4,2255.3,2366.6,2476.7,2585.7,2693.9,2774.4,2881.2,2960.8,3040.1,3119.0,3197.7,3276.0,3328.1,3406.0
100.0,1500.0,10.0,10.0,3.3333e-05,107.0,8600.0,0.25,4.5,1450.0,0.11554823632213,411.4,638.27,826.06,1038.4,1207.4,1402.3,1559.2,1711.7,1860.5,2006.1,2149.0,2289.4,2400.2,2509.8,2618.3,2725.8,2805.9,2911.8,2990.8,3069.2,3147.3,3224.8,3276.3,3353.1,3403.9
100.0,1500.0,10.0,15.0,3.3333e-05,107.0,8600.0,0.25,4.5,1450.0,0.11452417747044,411.05,639.14,827.13,1039.6,1241.8,1403.7,1591.4,1743.1,1891.2,2036.1,2178.3,2290.3,2428.4,2537.5,2645.5,2725.8,2832.1,2911.1,2989.6,3067.6,3145.1,3222.0,3273.0,3348.8,3398.9
100.0,1500.0,10.0,20.0,3.3333e-05,107.0,8600.0,0.25,4.5,1450.0,0.11442153336091,410.88,639.55,827.63,1040.2,1242.4,1436.1,1592.0,1743.7,1920.9,2036.6,2178.6,2318.3,2428.5,2537.4,2645.2,2752.0,2831.4,2936.3,3014.4,3091.9,3143.2,3219.7,3295.4,3345.3,3394.9
100.0,2000.0,0.1,1.0,3.3333e-05,107.0,8600.0,0.25,4.5,1450.0,0.46426984801704,413.53,469.97,524.33,577.05,628.36,678.36,715.04,762.88,809.51,854.92,899.09,941.99,983.58,1023.8,1062.7,1100.1,1136.0,1170.3,1203.1,1234.2,1263.6,1291.2,1323.2,1346.7,1368.2
100.0,2000.0,0.1,5.0,3.3333e-05,107.0,8600.0,0.25,4.5,1450.0,0.49589081288368,332.56,369.44,396.27,431.28,457.04,490.77,515.61,548.14,579.98,611.13,641.59,671.35,693.22,721.75,756.43,783.37,809.59,835.1,859.9,889.88,913.05,941.01,962.56,988.48,1013.3
100.0,2000.0,0.1,10.0,3.3333e-05,107.0,8600.0,0.25,4.5,1450.0,0.49669523344863,306.3,333.81,368.28,393.29,417.82,449.93,481.47,504.76,535.34,565.38,594.88,623.82,645.15,679.96,707.12,733.65,759.53,784.75,815.3,838.94,867.46,889.4,915.71,940.67,964.18
100.0,2000.0,0.1,15.0,3.3333e-05,107.0,8600.0,0.25,4.5,1450.0,0.49614609485747,296.08,323.91,349.8,382.93,407.13,438.8,462.17,492.87,523.07,545.39,574.71,603.5,631.76,659.44,686.54,713.02,745.21,770.22,794.54,823.93,846.6,873.81,899.64,923.9,946.3
100.0,2000.0,0.1,20.0,3.3333e-05,107.0,8600.0,0.25,4.5,1450.0,0.49567472528453,290.69,318.71,344.57,377.55,401.61,433.16,456.31,486.81,509.38,539.03,568.18,596.83,624.95,652.52,679.5,705.86,731.59,762.83,787.07,816.36,838.95,866.04,891.67,915.51,937.05
100.0,2000.0,1.0,1.0,3.3333e-05,107.0,8600.0,0.25,4.5,1450.0,0.27615052066331,439.87,523.32,631.11,737.29,842.16,945.78,1048.2,1174.8,1275.0,1374.3,1472.9,1595.3,1692.6,1789.5,1886.0,1982.2,2078.2,2174.0,2269.6,2365.2,2460.6,2555.9,2651.3,2746.5,2841.8
100.0,2000.0,1.0,5.0,3.3333e-05,107.0,8600.0,0.25,4.5,1450.0,0.272109696001,390.23,513.77,625.53,734.36,841.18,972.33,1075.6,1177.6,1303.6,1403.3,1502.2,1624.7,1722.1,1818.9,1915.3,2011.2,2106.8,2202.0,2296.9,2391.5,2485.9,2579.9,2673.7,2743.9,2837.1
100.0,2000.0,1.0,10.0,3.3333e-05,107.0,8600.0,0.25,4.5,1450.0,0.27627513215523,379.32,478.29,618.92,727.07,833.07,963.15,1065.6,1166.7,1291.7,1390.5,1488.5,1610.0,1706.5,1802.4,1897.8,1992.8,2087.4,2181.5,2275.4,2368.8,2461.9,2554.6,2646.9,2715.8,2807.3
100.0,2000.0,1.0,15.0,3.3333e-05,107.0,8600.0,0.25,4.5,1450.0,0.27815314498442,374.64,475.73,616.32,724.17,829.83,959.49,1061.6,1162.4,1286.9,1385.4,1483.1,1604.1,1700.3,1795.8,1890.9,1985.5,2079.6,2173.4,2266.7,2359.6,2452.2,2544.3,2635.9,2704.3,2794.9
100.0,2000.0,1.0,20.0,3.3333e-05,107.0,8600.0,0.25,4.5,1450.0,0.27928665865849,372.29,474.43,614.95,722.62,828.11,957.53,1059.4,1160.1,1284.3,1382.6,1480.1,1600.9,1696.9,1792.3,1887.1,1981.5,2098.8,2192.2,2261.9,2354.6,2446.8,2538.5,2629.7,2697.8,2788.0
100.0,2000.0,10.0,1.0,3.3333e-05,107.0,8600.0,0.25,4.5,1450.0,0.1642007820763,463.5,618.8,796.59,966.84,1130.8,1289.4,1443.3,1593.2,1739.8,1854.9,1996.6,2108.4,2219.1,2328.8,2437.7,2545.9,2626.8,2734.2,2841.2,2921.4,3001.4,3108.1,3188.1,3268.1,3348.2
100.0,2000.0,10.0,5.0,3.3333e-05,107.0,8600.0,0.25,4.5,1450.0,0.088940508879302,411.72,566.66,726.0,913.8,1092.9,1265.0,1431.3,1560.8,1718.8,1873.2,2024.4,2143.4,2260.9,2405.9,2520.7,2634.4,2747.2,2859.3,2970.8,3054.0,3164.6,3247.3,3357.3,3439.6,3521.9
100.0,2000.0,10.0,10.0,3.3333e-05,107.0,8600.0,0.25,4.5,1450.0,0.081124457043104,387.24,526.18,729.52,881.09,1062.2,1236.0,1403.9,1566.6,1724.9,1848.9,2000.9,2150.0,2267.6,2383.8,2527.3,2641.0,2753.7,2865.6,2976.9,3060.0,3170.3,3252.7,3362.2,3444.2,3526.0
100.0,2000.0,10.0,15.0,3.3333e-05,107.0,8600.0,0.25,4.5,1450.0,0.07884401261656,386.22,526.87,730.58,882.26,1063.5,1237.4,1405.3,1568.1,1726.4,1850.4,2002.4,2151.5,2269.0,2385.2,2528.6,2642.1,2754.8,2866.6,2977.7,3060.6,3170.7,3253.0,3362.3,3444.1,3525.6
100.0,2000.0,10.0,20.0,3.3333e-05,107.0,8600.0,0.25,4.5,1450.0,0.077802410015755,385.65,527.22,731.08,882.8,1064.1,1238.0,1406.0,1568.7,1727.1,1851.1,2003.0,2152.1,2269.6,2414.5,2529.0,2642.5,2755.1,2866.8,2977.8,3060.7,3170.7,3252.8,3362.0,3443.6,3525.1
200.0,1.0,0.1,1.0,3.3333e-05,107.0,8600.0,0.25,4.5,1450.0,0.48565331189872,526.36,614.65,688.78,739.63,783.76,821.62,853.45,879.38,894.96,910.54,920.1,923.26,922.15,917.47,906.8,896.17,879.46,860.75,845.92,825.73,805.59,785.86,766.69,743.64,725.95
200.0,1.0,0.1,5.0,3.3333e-05,107.0,8600.0,0.25,4.5,1450.0,0.39202833562219,530.73,563.08,588.66,596.46,603.96,607.76,608.75,608.36,606.08,603.61,598.57,594.32,586.58,577.16,566.02,553.19,538.68,516.59,497.67,468.89,428.22,378.85,329.31,281.32,240.78
200.0,1.0,0.1,10.0,3.3333e-05,107.0,8600.0,0.25,4.5,1450.0,0.15420327054534,478.12,506.4,516.22,529.91,534.6,538.25,541.07,543.22,544.8,545.9,546.56,546.83,546.72,546.23,545.35,544.04,542.27,539.98,537.12,533.64,524.67,519.06,512.67,505.37,497.97
200.0,1.0,0.1,15.0,3.3333e-05,107.0,8600.0,0.25,4.5,1450.0,0.11000883818071,457.12,489.17,499.46,507.01,512.54,516.57,519.47,519.47,521.48,522.78,523.47,523.47,523.62,523.23,522.27,522.27,520.67,518.56,515.28,515.28,511.21,505.71,505.71,498.79,490.57
200.0,1.0,0.1,20.0,3.3333e-05,107.0,8600.0,0.25,4.5,1450.0,0.093212013576117,456.03,473.24,485.82,494.75,501.0,505.33,508.26,508.26,510.12,511.13,511.13,511.39,510.97,510.97,509.82,509.82,508.12,505.07,505.07,501.08,501.08,494.99,487.41,487.41,479.18
200.0,1.0,1.0,1.0,3.3333e-05,107.0,8600.0,0.25,4.5,1450.0,0.48552337008993,526.39,614.73,688.94,739.87,784.1,822.08,854.06,880.16,895.88,911.66,921.45,924.8,923.94,919.45,908.99,898.49,881.92,863.31,848.53,828.37,808.24,788.49,769.31,746.22,728.49
200.0,1.0,1.0,5.0,3.3333e-05,107.0,8600.0,0.25,4.5,1450.0,0.39258072064471,530.78,563.19,588.89,596.76,604.37,608.31,609.38,609.13,606.99,604.61,599.72,595.56,587.97,578.7,567.72,555.04,540.68,518.79,500.03,463.7,430.93,381.4,331.48,283.02,242.09
200.0,1.0,1.0,10.0,3.3333e-05,107.0,8600.0,0.25,4.5,1450.0,0.15931849509757,478.14,506.44,516.28,530.02,534.75,538.43,541.29,545.1,546.24,546.96,547.28,547.23,546.8,545.98,544.74,543.04,540.84,538.08,534.71,530.68,525.98,520.53,507.32,499.49,491.3
200.0,1.0,1.0,15.0,3.3333e-05,107.0,8600.0,0.25,4.5,1450.0,0.10999753618521,457.13,489.2,499.51,507.09,512.65,516.71,519.64,519.64,521.7,523.05,523.79,523.79,523.99,523.67,522.79,522.79,521.28,518.98,516.03,516.03,511.82,506.41,506.41,499.73,492.39
200.0,1.0,1.0,20.0,3.3333e-05,107.0,8600.0,0.25,4.5,1450.0,0.093209459843717,456.04,473.26,485.85,494.8,501.08,505.45,508.41,508.41,510.33,511.38,511.38,511.71,511.35,511.35,510.29,510.29,508.7,505.8,505.8,502.01,502.01,496.35,489.25,489.25,480.65
200.0,1.0,10.0,1.0,3.3333e-05,107.0,8600.0,0.25,4.5,1450.0,0.48531904781356,526.59,615.2,689.69,740.85,785.29,823.46,855.61,881.85,897.66,913.55,923.4,926.78,925.92,921.39,910.86,900.28,883.59,864.85,849.99,829.71,809.47,789.63,770.35,747.16,729.36
200.0,1.0,10.0,5.0,3.3333e-05,107.0,8600.0,0.25,4.5,1450.0,0.3920461108434,531.13,572.02,590.13,601.34,606.08,610.17,611.29,611.06,608.89,606.48,601.5,597.27,589.55,580.14,568.99,556.13,541.58,519.42,500.44,463.72,430.68,380.95,331.0,282.61,241.77
200.0,1.0,10.0,10.0,3.3333e-05,107.0,8600.0,0.25,4.5,1450.0,0.15917758118472,478.26,506.78,516.76,530.81,535.69,539.52,542.52,546.56,547.79,548.58,548.96,548.96,548.57,547.78,546.56,544.87,542.67,539.9,536.51,532.46,527.72,522.23,509.4,501.64,493.37
200.0,1.0,10.0,15.0,3.3333e-05,107.0,8600.0,0.25,4.5,1450.0,0.10413966718533,457.19,475.5,499.9,507.64,513.37,513.37,517.6,520.7,522.91,524.39,524.39,525.25,525.55,525.55,525.31,524.5,524.5,523.05,520.82,517.93,517.93,513.47,507.78,507.78,501.05
200.0,1.0,10.0,20.0,3.3333e-05,107.0,8600.0,0.25,4.5,1450.0,0.098661975740157,456.11,473.42,486.13,495.24,501.69,506.24,509.39,511.47,511.47,512.68,513.14,513.14,512.9,511.95,511.95,510.45,507.65,507.65,503.99,498.54,498.54,491.7,483.24,483.24,473.82
200.0,500.0,0.1,1.0,3.3333e-05,107.0,8600.0,0.25,4.5,1450.0,0.47425205535415,527.85,619.06,697.78,753.62,804.05,849.64,890.76,927.65,960.47,982.48,1008.4,1030.3,1044.2,1059.1,1070.1,1075.7,1079.6,1079.7,1077.5,1072.1,1064.3,1054.6,1043.5,1031.4,1018.7
200.0,500.0,0.1,5.0,3.3333e-05,107.0,8600.0,0.25,4.5,1450.0,0.46499653518903,546.55,586.8,607.64,628.17,640.07,649.93,658.23,667.41,673.12,677.95,682.0,685.3,688.59,690.26,691.41,691.47,690.49,688.29,684.82,680.02,671.91,661.1,647.11,625.72,599.89
200.0,500.0,0.1,10.0,3.3333e-05,107.0,8600.0,0.25,4.5,1450.0,0.35706824542608,508.68,542.69,553.27,565.5,572.16,580.69,585.61,589.99,595.58,598.64,602.18,603.78,604.91,604.75,602.99,599.11,592.67,582.97,563.74,537.82,501.24,453.24,409.89,371.02,338.64
200.0,500.0,0.1,15.0,3.3333e-05,107.0,8600.0,0.25,4.5,1450.0,0.31078754848109,502.17,524.08,533.44,540.83,547.06,552.5,557.3,563.31,566.5,568.95,570.56,571.23,570.83,567.92,564.04,554.53,538.95,517.43,484.36,446.65,408.41,369.37,337.84,312.88,290.24
200.0,500.0,0.1,20.0,3.3333e-05,107.0,8600.0,0.25,4.5,1450.0,0.20645920776543,474.24,505.53,511.68,521.01,524.77,531.2,534.03,539.16,541.47,543.61,547.36,548.94,551.42,552.28,552.87,553.1,552.7,550.72,546.85,544.06,536.67,526.03,511.98,495.39,468.96
200.0,500.0,1.0,1.0,3.3333e-05,107.0,8600.0,0.25,4.5,1450.0,0.39456264792436,516.16,627.42,731.66,811.49,907.77,982.42,1055.2,1126.2,1195.6,1263.5,1329.7,1394.4,1457.4,1518.7,1578.3,1621.7,1677.8,1731.9,1770.9,1820.7,1868.0,1901.5,1943.4,1972.6,2008.3
200.0,500.0,1.0,5.0,3.3333e-05,107.0,8600.0,0.25,4.5,1450.0,0.43975999419271,570.59,659.0,723.85,785.62,845.01,902.27,957.51,1010.8,1062.0,1099.0,1146.6,1191.9,1235.0,1265.7,1304.5,1340.6,1365.8,1397.0,1425.0,1443.9,1465.9,1484.1,1498.1,1507.6,1512.2
200.0,500.0,1.0,10.0,3.3333e-05,107.0,8600.0,0.25,4.5,1450.0,0.42835833736282,543.01,623.33,683.07,740.64,782.56,836.85,889.3,927.41,976.55,1023.7,1057.7,1101.1,1132.2,1171.4,1207.9,1233.2,1263.7,1283.9,1306.2,1322.1,1329.8,1326.4,1306.8,1247.1,1121.6
200.0,500.0,1.0,15.0,3.3333e-05,107.0,8600.0,0.25,4.5,1450.0,0.40745638342786,537.79,599.58,658.09,714.7,755.98,809.48,848.43,898.76,935.29,970.72,1016.2,1048.9,1090.4,1119.9,1147.7,1182.0,1205.0,1231.2,1246.5,1259.2,1260.7,1245.2,1175.4,1031.6,841.23
200.0,500.0,1.0,20.0,3.3333e-05,107.0,8600.0,0.25,4.5,1450.0,0.3950235783262,534.48,594.82,638.25,694.61,735.73,789.05,827.87,865.69,914.51,949.87,984.1,1027.9,1059.2,1089.0,1117.3,1151.9,1175.1,1195.3,1215.9,1224.8,1222.1,1187.1,1079.4,908.77,738.86
200.0,500.0,10.0,1.0,3.3333e-05,107.0,8600.0,0.25,4.5,1450.0,0.32213388213724,552.88,732.99,901.47,1034.3,1185.9,1306.3,1399.2,1511.4,1598.3,1682.8,1765.1,1845.1,1923.0,1998.8,2054.1,2125.9,2178.2,2229.1,2278.5,2326.2,2372.2,2416.4,2458.4,2498.2,2535.3
200.0,500.0,10.0,5.0,3.3333e-05,107.0,8600.0,0.25,4.5,1450.0,0.34658719754427,678.61,922.04,1143.7,1297.5,1440.9,1552.5,1656.5,1733.6,1804.6,1868.7,1911.6,1949.3,1981.2,2006.3,2018.6,2029.2,2030.3,2022.4,2004.3,1987.4,1955.6,1917.0,1872.9,1823.9,1770.0
200.0,500.0,10.0,10.0,3.3333e-05,107.0,8600.0,0.25,4.5,1450.0,0.3011266733271,648.24,893.76,1062.3,1218.9,1340.4,1453.5,1537.4,1614.6,1667.4,1729.8,1757.0,1791.5,1809.3,1825.4,1825.9,1814.3,1789.1,1732.0,1686.7,1611.1,1519.2,1395.5,1169.3,970.76,819.22
200.0,500.0,10.0,15.0,3.3333e-05,107.0,8600.0,0.25,4.5,1450.0,0.2769981315864,648.36,864.09,1034.0,1165.9,1289.2,1403.7,1488.2,1546.9,1617.9,1649.6,1691.4,1724.2,1738.6,1743.3,1732.0,1701.0,1657.4,1607.7,1523.1,1415.6,1264.8,1079.5,918.74,770.08,650.48
200.0,500.0,10.0,20.0,3.3333e-05,107.0,8600.0,0.25,4.5,1450.0,0.26560290308788,615.68,834.2,1005.8,1138.9,1263.2,1378.3,1463.0,1521.7,1575.4,1623.2,1650.8,1683.6,1696.2,1694.4,1669.4,1626.7,1574.5,1518.1,1423.3,1290.3,1134.5,946.73,802.07,689.01,594.59
200.0,1000.0,0.1,1.0,3.3333e-05,107.0,8600.0,0.25,4.5,1450.0,0.46020687595734,529.3,623.24,706.05,766.19,821.87,873.68,922.0,967.11,1009.2,1048.4,1075.9,1110.1,1141.5,1163.1,1189.5,1212.9,1228.5,1246.6,1261.6,1273.4,1280.1,1286.2,1289.2,1289.4,1287.2
200.0,1000.0,0.1,5.0,3.3333e-05,107.0,8600.0,0.25,4.5,1450.0,0.48261821983727,549.81,595.04,628.59,655.87,673.82,695.5,710.45,724.5,742.0,754.3,769.71,780.55,794.1,803.61,815.41,826.24,836.09,844.96,852.86,859.76,865.67,871.61,875.16,877.98,878.85
200.0,1000.0,0.1,10.0,3.3333e-05,107.0,8600.0,0.25,4.5,1450.0,0.42954788695949,522.81,557.4,576.61,593.43,608.92,623.49,637.34,650.54,663.13,675.11,686.48,697.2,707.23,719.44,727.63,734.9,743.0,748.97,751.77,752.65,747.78,734.41,707.02,666.78,617.66
200.0,1000.0,0.1,15.0,3.3333e-05,107.0,8600.0,0.25,4.5,1450.0,0.38860140251688,504.73,537.62,555.35,571.13,581.07,595.36,609.02,617.79,630.45,642.46,650.09,660.93,670.99,680.15,688.27,695.19,700.63,704.84,704.74,698.68,679.8,645.42,602.69,556.88,516.12
200.0,1000.0,0.1,20.0,3.3333e-05,107.0,8600.0,0.25,4.5,1450.0,0.36590900946109,500.62,524.17,541.64,557.12,566.92,581.09,590.2,603.36,611.8,623.91,631.58,642.4,652.35,661.28,666.55,673.22,677.97,679.89,676.48,663.59,636.34,598.6,553.54,511.8,477.28
200.0,1000.0,1.0,1.0,3.3333e-05,107.0,8600.0,0.25,4.5,1450.0,0.33050606213099,498.18,623.27,719.44,836.35,927.77,1017.6,1106.1,1215.1,1301.1,1386.2,1470.4,1553.8,1636.4,1718.3,1799.5,1880.0,1959.8,2019.1,2097.6,2175.2,2251.9,2308.8,2383.9,2439.5,2512.5
200.0,1000.0,1.0,5.0,3.3333e-05,107.0,8600.0,0.25,4.5,1450.0,0.36269302758645,565.94,680.31,767.69,873.94,957.1,1038.8,1139.2,1218.2,1296.0,1372.6,1448.1,1522.4,1595.6,1649.6,1720.5,1789.9,1858.0,1907.9,1973.1,2036.4,2082.6,2142.2,2185.4,2240.8,2280.4
200.0,1000.0,1.0,10.0,3.3333e-05,107.0,8600.0,0.25,4.5,1450.0,0.3733044549657,561.1,669.27,753.14,855.76,936.27,1015.5,1093.4,1170.2,1245.8,1320.1,1393.3,1465.2,1535.9,1605.1,1672.9,1739.1,1787.7,1850.7,1911.7,1955.8,2012.3,2052.7,2103.2,2149.0,2179.5
200.0,1000.0,1.0,15.0,3.3333e-05,107.0,8600.0,0.25,4.5,1450.0,0.37713846370781,557.74,663.82,746.65,848.13,927.77,1006.1,1083.2,1159.0,1233.7,1307.2,1379.4,1450.4,1519.9,1588.1,1654.7,1719.6,1767.0,1828.4,1887.3,1929.7,1983.0,2020.1,2064.6,2093.0,2121.1
200.0,1000.0,1.0,20.0,3.3333e-05,107.0,8600.0,0.25,4.5,1450.0,0.37883379948936,555.58,660.73,743.09,823.99,923.18,1001.1,1077.7,1153.1,1227.3,1300.3,1372.0,1442.4,1511.4,1579.0,1644.9,1693.2,1755.8,1816.3,1859.8,1915.1,1966.2,2000.9,2040.5,2062.9,2075.7
200.0,1000.0,10.0,1.0,3.3333e-05,107.0,8600.0,0.25,4.5,1450.0,0.2322231269988,536.77,705.97,897.79,1050.4,1197.2,1339.1,1476.6,1610.5,1715.2,1843.6,1944.5,2044.0,2142.3,2239.6,2311.8,2407.4,2478.6,2572.8,2643.0,2712.7,2782.2,2851.2,2919.8,2988.1,3055.9
200.0,1000.0,10.0,5.0,3.3333e-05,107.0,8600.0,0.25,4.5,1450.0,0.18360158594015,601.55,817.17,1052.0,1273.6,1454.8,1629.3,1770.2,1907.7,2042.0,2173.4,2276.6,2378.2,2478.2,2552.1,2649.2,2720.9,2791.5,2838.0,2906.7,2951.7,3017.9,3061.1,3103.4,3144.7,3184.9
200.0,1000.0,10.0,10.0,3.3333e-05,107.0,8600.0,0.25,4.5,1450.0,0.19603133848996,642.01,889.94,1153.2,1370.1,1576.7,1747.0,1911.8,2045.4,2175.8,2303.1,2402.8,2500.4,2572.0,2642.3,2711.0,2777.8,2842.3,2883.7,2923.7,2961.7,2997.3,3029.4,3056.1,3066.3,3074.7
200.0,1000.0,10.0,15.0,3.3333e-05,107.0,8600.0,0.25,4.5,1450.0,0.2061893264899,642.88,958.58,1186.0,1431.1,1634.8,1802.8,1965.5,2123.1,2250.9,2350.6,2448.1,2542.9,2612.1,2679.2,2743.8,2805.0,2843.3,2878.6,2909.3,2930.9,2927.9,2904.7,2811.9,2756.5,2650.7
200.0,1000.0,10.0,20.0,3.3333e-05,107.0,8600.0,0.25,4.5,1450.0,0.20790475625437,643.26,959.06,1217.9,1431.4,1635.0,1830.2,1991.6,2122.2,2249.4,2372.9,2468.9,2538.9,2629.0,2672.3,2734.4,2791.6,2825.1,2851.1,2857.8,2832.4,2785.1,2658.5,2541.2,2435.2,2347.9
200.0,1500.0,0.1,1.0,3.3333e-05,107.0,8600.0,0.25,4.5,1450.0,0.4450197716264,530.7,627.18,697.03,777.59,837.73,894.67,948.81,1000.4,1049.7,1096.7,1130.5,1173.8,1214.8,1253.8,1281.5,1316.6,1349.3,1372.3,1400.8,1426.8,1450.1,1465.9,1484.3,1499.9,1512.4
200.0,1500.0,0.1,5.0,3.3333e-05,107.0,8600.0,0.25,4.5,1450.0,0.47960614978128,552.9,602.66,642.31,676.69,708.02,730.14,758.21,778.38,804.2,822.84,846.78,864.07,886.27,907.5,922.8,942.38,961.01,978.69,995.43,1011.2,1026.0,1039.9,1055.8,1067.5,1080.5
200.0,1500.0,0.1,10.0,3.3333e-05,107.0,8600.0,0.25,4.5,1450.0,0.46571355167243,525.84,574.07,597.45,626.33,647.01,667.08,693.02,711.9,730.32,754.16,771.48,793.83,809.99,830.69,845.55,864.39,882.06,898.43,913.37,926.69,938.1,949.0,955.03,954.59,943.1
200.0,1500.0,0.1,15.0,3.3333e-05,107.0,8600.0,0.25,4.5,1450.0,0.4429032687981,518.34,553.21,575.32,596.26,623.19,642.83,662.04,680.82,699.17,717.08,740.24,757.03,773.3,794.11,809.0,827.79,845.21,857.24,871.6,883.54,893.58,895.88,888.82,859.66,812.96
200.0,1500.0,0.1,20.0,3.3333e-05,107.0,8600.0,0.25,4.5,1450.0,0.42622443118613,513.56,538.68,567.42,587.86,607.79,627.32,646.45,665.17,683.49,701.37,718.78,735.69,752.07,773.03,788.01,806.89,820.08,836.08,846.58,857.79,864.82,861.89,840.5,794.41,744.87
200.0,1500.0,1.0,1.0,3.3333e-05,107.0,8600.0,0.25,4.5,1450.0,0.29040306655778,502.93,610.31,714.61,841.99,941.93,1040.4,1137.6,1257.6,1352.5,1446.6,1540.0,1632.9,1725.2,1817.0,1908.5,1999.6,2090.4,2180.9,2271.1,2338.7,2428.4,2518.0,2607.2,2674.0,2762.8
200.0,1500.0,1.0,5.0,3.3333e-05,107.0,8600.0,0.25,4.5,1450.0,0.29895770852933,550.53,681.24,781.96,904.97,1001.6,1096.9,1214.4,1307.2,1399.2,1490.4,1580.8,1670.6,1759.7,1848.2,1936.2,2023.5,2088.6,2174.9,2260.6,2345.6,2408.8,2492.5,2554.7,2636.9,2697.8
200.0,1500.0,1.0,10.0,3.3333e-05,107.0,8600.0,0.25,4.5,1450.0,0.30672905838654,574.57,675.24,797.98,894.35,989.32,1083.1,1198.7,1290.1,1380.6,1470.2,1559.2,1647.4,1734.9,1821.7,1907.9,1993.4,2078.2,2141.4,2224.8,2307.5,2368.8,2449.8,2509.7,2588.5,2646.6
200.0,1500.0,1.0,15.0,3.3333e-05,107.0,8600.0,0.25,4.5,1450.0,0.31003527376441,572.34,671.92,793.85,889.64,984.06,1077.2,1192.2,1283.0,1373.0,1462.1,1550.4,1638.0,1724.9,1811.1,1896.7,1981.4,2065.5,2127.9,2210.5,2292.1,2352.6,2432.3,2491.1,2568.2,2624.9
200.0,1500.0,1.0,20.0,3.3333e-05,107.0,8600.0,0.25,4.5,1450.0,0.31194225639588,570.86,669.99,791.54,887.05,981.18,1074.1,1188.6,1279.2,1368.8,1457.6,1545.7,1633.0,1719.5,1805.4,1890.5,1974.9,2058.5,2120.6,2202.6,2283.7,2343.7,2422.6,2480.8,2556.9,2612.6
200.0,1500.0,10.0,1.0,3.3333e-05,107.0,8600.0,0.25,4.5,1450.0,0.18618838582783,508.52,688.84,858.96,1022.2,1179.6,1331.8,1479.6,1623.7,1736.6,1875.2,1984.4,2092.3,2199.1,2304.9,2409.9,2514.2,2592.1,2695.5,2772.9,2875.7,2952.8,3029.7,3106.5,3183.3,3260.1
200.0,1500.0,10.0,5.0,3.3333e-05,107.0,8600.0,0.25,4.5,1450.0,0.11087490668909,489.9,690.2,875.11,1085.5,1253.3,1415.4,1572.6,1725.8,1875.3,1992.8,2137.1,2251.0,2391.4,2502.5,2585.1,2694.5,2803.2,2884.2,2991.7,3072.0,3152.0,3231.8,3311.3,3364.2,3443.5
200.0,1500.0,10.0,10.0,3.3333e-05,107.0,8600.0,0.25,4.5,1450.0,0.10372277384372,492.45,693.99,915.47,1090.5,1258.7,1421.2,1609.8,1762.4,1881.9,2028.5,2172.4,2285.8,2397.9,2508.9,2618.7,2727.7,2835.8,2916.3,2996.5,3076.3,3155.8,3234.9,3313.6,3392.1,3444.2
200.0,1500.0,10.0,15.0,3.3333e-05,107.0,8600.0,0.25,4.5,1450.0,0.10210705967102,536.22,733.09,916.71,1091.8,1293.2,1454.7,1611.4,1763.9,1912.9,2058.9,2173.7,2315.1,2426.8,2537.3,2646.7,2728.1,2836.0,2916.3,3022.7,3102.1,3181.0,3233.4,3311.7,3389.5,3441.2
200.0,1500.0,10.0,20.0,3.3333e-05,107.0,8600.0,0.25,4.5,1450.0,0.10157596159536,536.61,733.61,917.28,1092.5,1293.8,1455.3,1612.0,1764.6,1913.5,2059.4,2174.2,2315.5,2427.1,2537.4,2646.7,2755.0,2835.7,2942.5,3022.0,3101.2,3179.8,3258.1,3310.0,3387.4,3438.7
200.0,2000.0,0.1,1.0,3.3333e-05,107.0,8600.0,0.25,4.5,1450.0,0.43015757779879,510.78,611.99,703.38,771.53,852.0,913.3,972.28,1029.2,1084.2,1124.3,1176.3,1226.6,1275.2,1322.1,1356.2,1400.0,1442.1,1482.3,1511.2,1547.9,1582.5,1614.8,1637.6,1665.8,1691.5
200.0,2000.0,0.1,5.0,3.3333e-05,107.0,8600.0,0.25,4.5,1450.0,0.47077587378186,555.85,609.75,654.8,695.39,733.4,760.73,795.96,821.6,854.84,887.08,910.62,941.2,970.85,992.48,1020.5,1047.7,1073.9,1099.1,1123.5,1146.8,1169.3,1190.7,1211.2,1235.3,1253.5
200.0,2000.0,0.1,10.0,3.3333e-05,107.0,8600.0,0.25,4.5,1450.0,0.46920926809133,541.12,583.14,611.04,646.36,680.5,705.52,730.1,762.24,785.87,816.75,846.91,869.04,897.86,925.87,946.32,972.79,998.3,1022.8,1046.2,1068.4,1094.4,1113.6,1131.1,1150.2,1165.5
200.0,2000.0,0.1,15.0,3.3333e-05,107.0,8600.0,0.25,4.5,1450.0,0.46323136155715,521.66,561.73,597.05,622.57,655.9,680.46,712.66,736.4,759.78,790.39,820.3,842.26,870.88,891.8,918.91,945.07,970.21,994.25,1017.1,1038.4,1058.1,1079.8,1093.8,1105.3,1106.1
200.0,2000.0,0.1,20.0,3.3333e-05,107.0,8600.0,0.25,4.5,1450.0,0.45599539744495,517.17,555.17,589.53,614.61,639.34,671.81,695.79,719.44,750.46,773.32,803.19,825.12,853.7,874.59,901.67,927.78,952.87,976.81,999.39,1020.3,1039.1,1055.0,1068.4,1069.2,1049.2
200.0,2000.0,1.0,1.0,3.3333e-05,107.0,8600.0,0.25,4.5,1450.0,0.26270305264884,477.97,619.66,729.41,837.09,943.01,1047.4,1150.5,1277.7,1378.5,1478.4,1577.6,1676.3,1774.5,1872.3,1969.8,2067.1,2164.2,2261.2,2358.1,2454.9,2551.8,2648.7,2745.6,2818.3,2915.4
200.0,2000.0,1.0,5.0,3.3333e-05,107.0,8600.0,0.25,4.5,1450.0,0.25341583958591,557.71,671.06,808.08,915.22,1020.6,1124.6,1227.3,1354.2,1454.6,1554.4,1653.4,1751.9,1849.9,1947.5,2044.8,2141.8,2238.5,2335.0,2407.3,2503.5,2599.6,2671.5,2767.3,2863.0,2934.6
200.0,2000.0,1.0,10.0,3.3333e-05,107.0,8600.0,0.25,4.5,1450.0,0.2573694710567,557.04,668.07,803.19,909.15,1013.5,1116.5,1243.6,1344.1,1443.8,1542.6,1640.8,1738.5,1835.6,1932.3,2028.7,2124.7,2220.4,2315.9,2411.2,2482.4,2577.3,2648.2,2742.7,2836.8,2907.2
200.0,2000.0,1.0,15.0,3.3333e-05,107.0,8600.0,0.25,4.5,1450.0,0.25924299212086,555.83,666.05,800.62,906.22,1010.3,1112.9,1239.6,1339.8,1439.1,1537.6,1635.5,1732.8,1829.6,1926.0,2021.9,2117.6,2212.9,2308.0,2402.7,2473.7,2568.0,2662.0,2732.3,2825.7,2895.5
200.0,2000.0,1.0,20.0,3.3333e-05,107.0,8600.0,0.25,4.5,1450.0,0.2603861799426,554.94,664.81,799.14,904.57,1008.4,1110.9,1237.4,1337.4,1436.5,1534.8,1632.5,1729.6,1826.3,1922.4,2018.2,2113.6,2208.7,2303.5,2398.1,2468.8,2562.8,2656.4,2726.5,2819.5,2889.0
200.0,2000.0,10.0,1.0,3.3333e-05,107.0,8600.0,0.25,4.5,1450.0,0.15855049899337,472.93,663.4,840.08,1009.6,1173.1,1331.3,1484.9,1605.1,1752.2,1867.9,2010.3,2122.7,2234.0,2344.3,2453.9,2562.7,2644.0,2752.1,2859.8,2940.5,3021.1,3128.5,3209.0,3289.6,3370.2
200.0,2000.0,10.0,5.0,3.3333e-05,107.0,8600.0,0.25,4.5,1450.0,0.083229961618695,444.01,620.21,814.63,962.68,1140.5,1311.6,1477.1,1606.2,1763.8,1917.9,2039.0,2158.4,2305.5,2421.7,2536.8,2651.0,2764.3,2876.8,2988.7,3072.3,3183.3,3266.4,3376.8,3459.5,3542.1
200.0,2000.0,10.0,10.0,3.3333e-05,107.0,8600.0,0.25,4.5,1450.0,0.075430533475452,446.56,623.7,818.96,967.38,1145.5,1317.0,1450.2,1612.3,1770.2,1893.9,2045.7,2165.2,2283.1,2428.6,2543.7,2657.8,2770.9,2883.3,2995.0,3078.4,3189.2,3272.0,3382.0,3464.4,3546.6
200.0,2000.0,10.0,15.0,3.3333e-05,107.0,8600.0,0.25,4.5,1450.0,0.073131028723208,447.25,624.74,820.19,968.68,1146.9,1318.5,1451.7,1613.8,1771.8,1895.5,2047.3,2166.7,2284.6,2430.0,2545.0,2659.0,2772.1,2884.4,2995.9,3079.2,3189.8,3272.5,3382.3,3464.5,3546.5
200.0,2000.0,10.0,20.0,3.3333e-05,107.0,8600.0,0.25,4.5,1450.0,0.072069461334559,447.54,625.23,820.77,969.27,1147.5,1319.2,1452.4,1614.5,1772.4,1896.1,2047.9,2167.3,2285.2,2430.6,2545.5,2659.5,2772.5,2884.7,2996.2,3079.4,3189.9,3272.4,3382.1,3464.2,3546.1
300.0,1.0,0.1,1.0,3.3333e-05,107.0,8600.0,0.25,4.5,1450.0,0.44835921496463,598.35,732.01,829.03,915.67,993.35,1049.6,1100.8,1147.1,1188.3,1215.9,1247.9,1268.2,1290.0,1302.0,1311.6,1313.7,1311.1,1300.3,1287.6,1266.2,1247.9,1221.7,1201.3,1173.9,1146.7
300.0,1.0,0.1,5.0,3.3333e-05,107.0,8600.0,0.25,4.5,1450.0,0.38534765979488,718.21,802.95,838.37,871.42,887.75,895.39,902.81,906.12,906.36,904.1,900.96,893.93,884.15,876.1,861.66,844.38,824.34,801.61,766.89,726.21,678.99,614.42,540.89,471.09,399.39
300.0,1.0,0.1,10.0,3.3333e-05,107.0,8600.0,0.25,4.5,1450.0,0.27698542332248,677.17,748.78,781.43,795.66,809.0,813.93,815.41,816.54,815.14,810.83,802.9,790.8,774.41,754.02,729.98,701.64,647.36,582.29,521.62,442.4,374.32,321.28,276.34,242.59,213.18
300.0,1.0,0.1,15.0,3.3333e-05,107.0,8600.0,0.25,4.5,1450.0,0.16857827179813,628.16,713.72,740.93,751.13,766.06,771.31,778.41,780.52,781.77,782.16,781.67,780.18,777.53,767.84,760.48,751.46,740.87,728.9,701.12,684.77,666.64,620.73,568.03,518.42,475.81
300.0,1.0,0.1,20.0,3.3333e-05,107.0,8600.0,0.25,4.5,1450.0,0.13951494658375,600.05,694.31,724.1,735.05,750.51,755.66,759.44,762.0,763.44,763.8,763.01,760.91,757.17,751.49,751.49,744.05,733.88,722.06,709.17,694.08,658.12,635.26,609.23,580.11,523.83
300.0,1.0,1.0,1.0,3.3333e-05,107.0,8600.0,0.25,4.5,1450.0,0.44822192068291,598.36,732.06,829.12,915.81,993.56,1049.9,1101.2,1147.5,1188.9,1216.5,1248.7,1269.1,1291.0,1303.2,1313.1,1315.4,1313.0,1302.4,1289.9,1268.7,1250.4,1224.3,1204.0,1176.6,1149.3
300.0,1.0,1.0,5.0,3.3333e-05,107.0,8600.0,0.25,4.5,1450.0,0.38569733566108,718.24,803.03,838.51,871.67,888.11,895.82,903.36,906.81,907.15,905.03,901.99,895.11,885.49,877.54,863.27,846.16,826.28,803.71,769.21,728.77,681.76,617.24,543.42,473.19,400.98
300.0,1.0,1.0,10.0,3.3333e-05,107.0,8600.0,0.25,4.5,1450.0,0.27729141282215,677.19,748.84,781.55,795.83,809.28,814.29,815.82,817.06,815.79,811.64,803.92,792.06,775.92,755.78,731.98,703.93,650.24,585.4,524.73,444.86,376.53,322.86,277.43,243.2,215.07
300.0,1.0,1.0,15.0,3.3333e-05,107.0,8600.0,0.25,4.5,1450.0,0.17134964302476,628.18,713.76,741.0,759.53,766.2,771.49,778.67,780.82,782.12,782.58,782.16,778.2,774.29,768.79,761.6,752.75,742.31,717.4,703.01,686.88,647.73,624.1,571.12,521.04,460.44
300.0,1.0,1.0,20.0,3.3333e-05,107.0,8600.0,0.25,4.5,1450.0,0.14579869803293,627.95,694.34,724.16,735.13,750.64,755.82,759.64,762.25,763.75,764.17,763.47,761.47,757.86,752.77,744.94,735.14,723.5,710.76,695.83,678.94,638.01,611.89,583.77,527.16,479.08
300.0,1.0,10.0,1.0,3.3333e-05,107.0,8600.0,0.25,4.5,1450.0,0.44803385591422,598.47,732.33,829.56,916.42,994.33,1050.8,1102.2,1148.7,1190.1,1217.8,1250.1,1270.6,1292.6,1304.8,1314.8,1317.1,1314.7,1304.1,1291.5,1270.2,1251.9,1225.7,1205.3,1177.8,1150.4
300.0,1.0,10.0,5.0,3.3333e-05,107.0,8600.0,0.25,4.5,1450.0,0.38533494231795,718.46,803.6,839.35,872.9,889.58,897.43,905.12,908.65,909.01,906.89,903.83,896.88,887.16,879.13,864.73,847.46,827.41,804.65,769.9,729.18,681.88,617.06,543.11,472.86,400.71
300.0,1.0,10.0,10.0,3.3333e-05,107.0,8600.0,0.25,4.5,1450.0,0.27725622270448,677.34,749.26,782.3,796.82,810.6,815.79,817.39,818.75,817.56,813.46,805.76,793.87,777.65,757.4,733.47,705.27,651.31,586.12,524.46,445.29,376.68,323.25,277.6,243.43,215.13
300.0,1.0,10.0,15.0,3.3333e-05,107.0,8600.0,0.25,4.5,1450.0,0.24058417217589,676.48,728.96,760.26,772.49,779.92,782.18,784.14,782.48,779.99,770.69,754.7,744.26,719.27,688.68,649.46,599.5,522.05,442.58,384.96,326.29,287.41,251.52,224.58,201.66,184.67
300.0,1.0,10.0,20.0,3.3333e-05,107.0,8600.0,0.25,4.5,1450.0,0.15118970609617,628.04,694.56,724.57,744.5,751.44,756.77,760.73,765.11,765.65,765.06,763.17,759.68,754.68,746.94,737.6,725.85,712.34,697.6,681.01,662.4,614.22,585.79,528.86,480.87,439.05
300.0,500.0,0.1,1.0,3.3333e-05,107.0,8600.0,0.25,4.5,1450.0,0.43650349729152,599.14,734.58,833.97,923.9,990.1,1066.5,1123.0,1175.6,1224.3,1258.3,1300.3,1329.2,1364.1,1394.8,1414.8,1432.1,1450.7,1461.0,1469.6,1472.0,1469.5,1463.9,1452.4,1441.4,1424.6
300.0,500.0,0.1,5.0,3.3333e-05,107.0,8600.0,0.25,4.5,1450.0,0.43340706958085,740.18,821.78,867.78,893.97,920.7,936.06,948.29,957.95,965.43,971.03,974.92,977.25,978.11,977.56,975.64,972.37,965.9,959.49,948.82,935.64,919.66,895.04,871.03,827.67,778.23
300.0,500.0,0.1,10.0,3.3333e-05,107.0,8600.0,0.25,4.5,1450.0,0.32645616050258,699.9,777.59,805.42,819.08,834.74,842.88,849.61,855.1,861.12,863.63,864.83,864.59,862.79,856.88,850.7,837.67,819.33,793.99,760.68,708.25,643.06,577.56,513.68,458.99,417.22
300.0,500.0,0.1,15.0,3.3333e-05,107.0,8600.0,0.25,4.5,1450.0,0.28370487212002,697.96,744.77,774.02,787.26,801.57,808.61,811.54,816.29,819.48,820.89,820.27,817.37,811.86,803.46,784.71,766.88,730.04,684.36,625.06,564.05,516.07,460.14,420.65,385.14,355.11
300.0,500.0,0.1,20.0,3.3333e-05,107.0,8600.0,0.25,4.5,1450.0,0.26166717439255,676.38,739.3,757.67,775.77,780.18,787.31,792.61,796.09,797.45,797.2,794.59,788.75,779.3,765.84,747.15,707.28,657.82,609.8,556.81,497.3,454.21,416.95,382.02,354.34,330.61
300.0,500.0,1.0,1.0,3.3333e-05,107.0,8600.0,0.25,4.5,1450.0,0.36421847841182,579.18,705.54,822.36,932.56,1037.8,1119.2,1198.4,1275.7,1351.4,1425.5,1498.1,1569.2,1638.8,1707.0,1757.1,1822.5,1886.2,1932.8,1993.3,2037.3,2080.0,2134.8,2174.3,2224.3,2259.8
300.0,500.0,1.0,5.0,3.3333e-05,107.0,8600.0,0.25,4.5,1450.0,0.41255276162664,755.92,860.92,952.4,1019.9,1083.9,1145.3,1204.2,1261.0,1302.1,1355.1,1393.3,1442.2,1477.2,1521.7,1553.3,1592.7,1620.3,1645.9,1676.9,1697.5,1721.1,1735.7,1750.3,1757.4,1761.3
300.0,500.0,1.0,10.0,3.3333e-05,107.0,8600.0,0.25,4.5,1450.0,0.40140291824343,755.23,847.93,912.7,973.69,1032.2,1074.7,1129.6,1169.5,1208.3,1258.1,1294.1,1328.6,1372.4,1403.4,1432.5,1467.9,1491.3,1511.4,1531.8,1540.9,1542.4,1533.3,1501.8,1416.1,1253.8
300.0,500.0,1.0,15.0,3.3333e-05,107.0,8600.0,0.25,4.5,1450.0,0.37855842264864,751.98,822.86,885.62,945.05,988.16,1030.2,1084.5,1124.0,1162.4,1199.7,1235.7,1270.3,1303.5,1345.0,1373.8,1400.0,1422.8,1441.4,1454.4,1459.7,1450.6,1408.3,1315.0,1104.4,919.99
300.0,500.0,1.0,20.0,3.3333e-05,107.0,8600.0,0.25,4.5,1450.0,0.36499196590794,729.77,817.71,863.99,922.99,965.83,1007.6,1048.3,1088.0,1139.2,1176.2,1212.0,1246.4,1279.3,1310.4,1339.3,1365.4,1387.7,1405.0,1415.3,1415.7,1399.7,1333.2,1183.3,985.23,802.87
300.0,500.0,10.0,1.0,3.3333e-05,107.0,8600.0,0.25,4.5,1450.0,0.29665626415624,571.62,757.71,931.71,1095.9,1226.3,1351.7,1472.6,1566.5,1680.7,1769.7,1856.8,1942.0,2004.7,2086.9,2147.4,2226.5,2284.7,2341.8,2397.9,2470.8,2524.0,2558.7,2609.7,2659.0,2706.6
300.0,500.0,10.0,5.0,3.3333e-05,107.0,8600.0,0.25,4.5,1450.0,0.31546011056746,813.08,1056.4,1280.1,1437.0,1585.6,1703.0,1814.5,1919.5,1998.4,2054.1,2106.5,2155.0,2199.3,2238.4,2271.4,2289.2,2308.2,2314.3,2314.4,2303.2,2289.2,2270.7,2235.3,2207.1,2159.3
300.0,500.0,10.0,10.0,3.3333e-05,107.0,8600.0,0.25,4.5,1450.0,0.29143966671008,817.98,1059.6,1254.4,1410.6,1533.4,1649.5,1758.1,1838.7,1894.9,1946.8,1993.5,2033.7,2055.7,2078.6,2083.6,2075.3,2049.9,2009.4,1933.8,1879.4,1794.7,1697.3,1565.7,1362.0,1127.2
300.0,500.0,10.0,15.0,3.3333e-05,107.0,8600.0,0.25,4.5,1450.0,0.27175228901424,818.77,1030.7,1226.6,1357.9,1506.1,1599.1,1687.0,1768.9,1825.9,1878.0,1924.0,1961.8,1979.9,1988.3,1978.8,1943.6,1890.9,1831.1,1738.0,1678.3,1587.6,1463.8,1213.2,1038.1,876.64
300.0,500.0,10.0,20.0,3.3333e-05,107.0,8600.0,0.25,4.5,1450.0,0.26633091851911,818.92,1030.5,1198.9,1356.6,1480.0,1595.9,1682.4,1743.0,1799.4,1850.4,1894.3,1917.8,1936.1,1923.0,1904.1,1818.3,1751.4,1684.5,1593.4,1515.8,1446.6,1362.8,1190.0,991.98,840.85
300.0,1000.0,0.1,1.0,3.3333e-05,107.0,8600.0,0.25,4.5,1450.0,0.42323316471475,599.92,737.06,838.65,931.57,1000.8,1066.1,1127.9,1186.3,1241.8,1294.2,1343.7,1378.9,1423.1,1464.4,1493.2,1528.7,1553.1,1582.4,1601.9,1619.0,1638.0,1649.2,1659.7,1664.1,1665.3
300.0,1000.0,0.1,5.0,3.3333e-05,107.0,8600.0,0.25,4.5,1450.0,0.45078743511092,742.23,827.32,888.81,917.97,950.6,971.57,990.22,1012.2,1026.8,1040.1,1052.2,1063.1,1076.0,1084.5,1092.0,1100.4,1105.6,1111.0,1114.7,1116.4,1117.0,1115.9,1111.8,1106.1,1095.6
300.0,1000.0,0.1,10.0,3.3333e-05,107.0,8600.0,0.25,4.5,1450.0,0.37749913155491,721.25,794.24,823.16,846.07,865.4,876.95,892.78,907.12,915.93,928.05,938.82,945.21,953.49,960.03,964.64,966.52,966.94,963.79,956.87,939.94,912.75,866.62,805.33,733.2,666.63
300.0,1000.0,0.1,15.0,3.3333e-05,107.0,8600.0,0.25,4.5,1450.0,0.33316591471262,718.01,771.65,797.84,811.86,830.0,840.84,850.93,864.81,873.25,881.01,888.04,897.02,901.83,906.98,908.8,908.57,903.67,892.15,872.25,833.69,777.92,716.38,659.44,600.47,555.49
300.0,1000.0,0.1,20.0,3.3333e-05,107.0,8600.0,0.25,4.5,1450.0,0.30935949604114,697.7,754.46,780.53,794.12,806.05,822.01,831.72,840.74,849.03,856.55,863.2,868.82,875.01,877.31,877.85,874.32,863.53,842.99,813.15,755.57,702.23,642.42,592.35,551.65,513.13
300.0,1000.0,1.0,1.0,3.3333e-05,107.0,8600.0,0.25,4.5,1450.0,0.30946192003525,555.74,691.67,819.51,917.89,1037.3,1130.5,1222.1,1334.7,1423.6,1511.5,1598.5,1684.7,1749.0,1834.1,1918.6,2002.5,2085.8,2147.9,2230.1,2311.7,2372.5,2452.9,2512.8,2591.8,2650.4
300.0,1000.0,1.0,5.0,3.3333e-05,107.0,8600.0,0.25,4.5,1450.0,0.33663562520757,716.86,867.33,981.31,1068.7,1175.0,1258.3,1340.3,1421.2,1501.0,1560.2,1638.3,1715.4,1772.5,1847.6,1921.7,1976.4,2048.2,2101.1,2153.1,2221.1,2270.8,2319.5,2382.4,2428.1,2472.2
300.0,1000.0,1.0,10.0,3.3333e-05,107.0,8600.0,0.25,4.5,1450.0,0.34908488215826,746.12,884.08,969.55,1052.9,1154.9,1235.2,1314.3,1373.0,1450.3,1526.6,1601.8,1675.9,1730.8,1802.7,1855.8,1925.3,1976.4,2043.0,2091.5,2154.3,2199.6,2243.2,2297.9,2335.9,2370.5
300.0,1000.0,1.0,15.0,3.3333e-05,107.0,8600.0,0.25,4.5,1450.0,0.35392572365341,744.97,878.83,962.68,1044.8,1125.6,1205.2,1283.7,1361.1,1437.5,1512.8,1587.0,1641.9,1714.0,1784.7,1836.8,1904.9,1954.7,2019.3,2066.2,2126.2,2168.7,2208.6,2245.0,2286.0,2308.8
300.0,1000.0,1.0,20.0,3.3333e-05,107.0,8600.0,0.25,4.5,1450.0,0.35624685193705,766.95,875.47,958.64,1040.3,1120.6,1199.7,1277.7,1354.7,1430.5,1505.3,1578.9,1633.4,1704.9,1774.9,1826.5,1893.7,1942.8,2006.3,2052.1,2096.0,2150.5,2187.3,2219.2,2250.4,2259.3
300.0,1000.0,10.0,1.0,3.3333e-05,107.0,8600.0,0.25,4.5,1450.0,0.21934039999264,548.53,752.89,913.97,1068.4,1246.2,1389.1,1527.8,1636.2,1769.0,1873.2,1976.0,2077.4,2177.8,2277.1,2351.0,2448.8,2521.7,2618.4,2690.6,2762.4,2833.9,2905.2,2976.2,3046.9,3117.4
300.0,1000.0,10.0,5.0,3.3333e-05,107.0,8600.0,0.25,4.5,1450.0,0.15948859160471,659.32,909.08,1109.5,1300.4,1483.7,1631.3,1803.4,1943.1,2052.7,2187.4,2293.4,2398.0,2501.3,2577.9,2679.0,2754.0,2828.2,2901.7,2950.3,3022.5,3070.1,3140.7,3187.2,3233.1,3278.4
300.0,1000.0,10.0,10.0,3.3333e-05,107.0,8600.0,0.25,4.5,1450.0,0.16339330102634,701.6,982.5,1179.9,1398.9,1578.8,1752.6,1893.3,2030.9,2165.5,2297.5,2401.3,2503.5,2579.1,2678.4,2751.8,2824.0,2895.0,2941.6,2987.4,3054.7,3098.2,3140.6,3181.3,3201.0,3238.5
300.0,1000.0,10.0,15.0,3.3333e-05,107.0,8600.0,0.25,4.5,1450.0,0.17149977920767,739.53,1017.5,1245.0,1461.0,1638.5,1810.2,1976.8,2112.2,2244.7,2348.8,2451.1,2551.7,2650.4,2723.0,2794.3,2864.0,2909.4,2975.6,3018.0,3058.7,3096.9,3131.3,3146.2,3166.3,3166.1
300.0,1000.0,10.0,20.0,3.3333e-05,107.0,8600.0,0.25,4.5,1450.0,0.17901427232562,776.1,1051.3,1277.0,1491.5,1696.7,1866.5,2031.2,2165.2,2296.2,2399.0,2524.9,2599.0,2695.7,2766.6,2835.6,2880.4,2945.1,2986.1,3024.4,3058.4,3072.3,3084.7,3069.6,2957.1,2881.3
300.0,1500.0,0.1,1.0,3.3333e-05,107.0,8600.0,0.25,4.5,1450.0,0.40963840274228,575.52,717.56,823.07,920.17,1010.7,1079.1,1144.6,1207.3,1267.4,1325.2,1380.6,1420.7,1472.1,1509.2,1556.5,1601.4,1633.5,1673.9,1702.4,1737.8,1762.3,1792.2,1812.2,1830.2,1850.7
300.0,1500.0,0.1,5.0,3.3333e-05,107.0,8600.0,0.25,4.5,1450.0,0.45073191832875,744.22,832.54,899.48,943.25,972.25,1007.3,1031.4,1054.1,1082.5,1102.5,1121.5,1145.4,1162.2,1178.3,1198.4,1212.5,1230.0,1242.1,1257.1,1270.5,1282.3,1290.2,1301.4,1308.6,1314.1
300.0,1500.0,0.1,10.0,3.3333e-05,107.0,8600.0,0.25,4.5,1450.0,0.41877341361205,741.55,811.7,842.43,868.93,900.58,922.59,943.52,963.54,982.71,1001.1,1018.6,1035.3,1051.0,1065.7,1079.3,1091.7,1106.1,1115.0,1124.1,1129.0,1128.6,1121.1,1099.2,1055.4,993.12
300.0,1500.0,0.1,15.0,3.3333e-05,107.0,8600.0,0.25,4.5,1450.0,0.38204468380265,720.01,788.0,816.25,840.69,863.17,877.47,898.14,917.96,936.98,949.21,966.81,983.45,999.03,1008.8,1022.3,1034.2,1044.3,1054.1,1057.6,1054.7,1039.9,1003.7,946.99,883.36,812.77
300.0,1500.0,0.1,20.0,3.3333e-05,107.0,8600.0,0.25,4.5,1450.0,0.36037738038834,717.35,770.21,798.08,821.95,843.97,858.04,878.44,891.59,910.62,922.85,940.45,956.98,967.34,981.82,994.75,1002.3,1011.7,1019.1,1018.7,1010.9,978.49,931.0,864.04,802.57,742.17
300.0,1500.0,1.0,1.0,3.3333e-05,107.0,8600.0,0.25,4.5,1450.0,0.27464395719261,529.17,672.66,808.47,913.56,1041.6,1142.0,1240.9,1338.6,1435.2,1531.0,1626.1,1720.6,1814.5,1908.1,2001.3,2094.3,2187.0,2279.5,2348.7,2440.9,2533.0,2601.9,2693.7,2762.5,2854.0
300.0,1500.0,1.0,5.0,3.3333e-05,107.0,8600.0,0.25,4.5,1450.0,0.2769116630631,695.17,860.67,988.51,1087.5,1184.6,1280.3,1374.9,1468.6,1561.5,1653.8,1745.4,1836.5,1927.2,1994.9,2084.7,2174.1,2240.9,2329.5,2395.7,2483.5,2549.0,2614.2,2700.5,2764.8,2828.7
300.0,1500.0,1.0,10.0,3.3333e-05,107.0,8600.0,0.25,4.5,1450.0,0.28498434388997,728.56,884.79,983.11,1079.5,1174.4,1268.3,1384.3,1453.3,1544.7,1635.4,1725.5,1815.1,1904.1,1970.5,2058.6,2146.2,2211.6,2298.2,2362.7,2448.2,2511.8,2575.0,2658.4,2720.2,2781.3
300.0,1500.0,1.0,15.0,3.3333e-05,107.0,8600.0,0.25,4.5,1450.0,0.2885206637221,755.43,881.92,979.17,1074.8,1169.2,1262.5,1377.8,1446.4,1537.2,1627.4,1716.9,1805.9,1894.3,1960.2,2047.7,2134.5,2199.3,2285.0,2348.9,2433.4,2496.1,2558.4,2640.4,2701.0,2760.7
300.0,1500.0,1.0,20.0,3.3333e-05,107.0,8600.0,0.25,4.5,1450.0,0.29057283855143,754.61,879.94,976.76,1072.1,1166.1,1259.2,1351.3,1442.5,1533.1,1622.9,1712.1,1800.8,1888.8,1976.3,2041.6,2128.0,2192.5,2277.8,2341.2,2425.1,2487.4,2549.1,2630.2,2690.1,2749.0
300.0,1500.0,10.0,1.0,3.3333e-05,107.0,8600.0,0.25,4.5,1450.0,0.1784647811667,517.33,698.48,869.73,1066.2,1223.4,1375.7,1494.4,1639.5,1781.4,1893.0,2003.1,2111.9,2219.6,2326.4,2432.4,2537.8,2616.5,2721.0,2799.2,2903.2,2981.1,3059.0,3136.8,3214.6,3292.4
300.0,1500.0,10.0,5.0,3.3333e-05,107.0,8600.0,0.25,4.5,1450.0,0.1015246443194,547.01,780.74,962.5,1136.2,1303.3,1465.0,1622.1,1775.3,1895.3,2042.7,2158.7,2273.2,2386.5,2498.7,2609.8,2720.2,2829.7,2911.5,2992.9,3101.1,3181.9,3262.6,3343.0,3396.6,3476.8
300.0,1500.0,10.0,10.0,3.3333e-05,107.0,8600.0,0.25,4.5,1450.0,0.09385913558953,592.23,785.82,967.86,1175.9,1342.3,1471.5,1628.9,1782.2,1932.1,2049.9,2194.7,2308.9,2421.8,2533.6,2644.4,2754.3,2836.2,2944.8,3025.8,3106.5,3186.9,3267.0,3346.9,3400.0,3479.5
300.0,1500.0,10.0,15.0,3.3333e-05,107.0,8600.0,0.25,4.5,1450.0,0.091904388068688,593.47,824.35,1004.7,1177.5,1343.9,1505.0,1661.6,1783.9,1933.8,2080.6,2196.2,2310.3,2423.1,2534.8,2645.4,2755.1,2836.9,2945.2,3026.0,3106.5,3186.6,3266.4,3345.9,3398.7,3477.7
300.0,1500.0,10.0,20.0,3.3333e-05,107.0,8600.0,0.25,4.5,1450.0,0.091131031285255,593.99,824.95,1005.3,1178.2,1344.7,1505.8,1662.3,1814.9,1934.4,2081.2,2196.7,2339.1,2451.5,2562.8,2645.6,2755.2,2864.0,2945.0,3025.7,3106.0,3185.9,3265.5,3344.8,3423.7,3476.1
300.0,2000.0,0.1,1.0,3.3333e-05,107.0,8600.0,0.25,4.5,1450.0,0.39674645247874,576.09,719.54,826.88,926.37,1001.6,1091.1,1159.8,1226.0,1290.2,1337.0,1397.8,1456.8,1513.9,1555.6,1609.6,1648.9,1699.6,1736.3,1783.4,1817.3,1860.6,1891.4,1930.3,1957.7,1991.7
300.0,2000.0,0.1,5.0,3.3333e-05,107.0,8600.0,0.25,4.5,1450.0,0.44393238066383,746.13,837.48,909.34,958.25,991.68,1033.2,1062.6,1099.9,1126.7,1161.1,1185.9,1209.9,1240.7,1263.0,1291.6,1312.2,1338.5,1357.3,1381.3,1398.4,1420.0,1440.2,1458.9,1476.2,1492.0
300.0,2000.0,0.1,10.0,3.3333e-05,107.0,8600.0,0.25,4.5,1450.0,0.43733513604446,743.82,818.17,863.21,893.24,930.69,957.55,983.61,1009.0,1041.8,1065.8,1089.1,1119.2,1141.0,1162.1,1189.0,1208.2,1232.4,1249.3,1270.1,1288.6,1304.4,1316.7,1324.8,1326.6,1316.7
300.0,2000.0,0.1,15.0,3.3333e-05,107.0,8600.0,0.25,4.5,1450.0,0.41724034785986,739.4,794.24,836.31,864.63,891.66,917.88,943.45,976.65,1000.9,1024.6,1047.7,1070.1,1091.8,1112.7,1139.3,1158.2,1175.9,1197.6,1216.4,1228.2,1239.3,1243.0,1232.5,1194.9,1132.4
300.0,2000.0,0.1,20.0,3.3333e-05,107.0,8600.0,0.25,4.5,1450.0,0.40089241738393,735.88,786.98,817.31,845.13,871.77,897.7,923.07,947.89,972.18,995.92,1019.1,1041.5,1063.3,1084.2,1104.3,1129.5,1147.0,1163.0,1181.2,1191.7,1198.9,1191.0,1160.4,1106.6,1028.4
300.0,2000.0,1.0,1.0,3.3333e-05,107.0,8600.0,0.25,4.5,1450.0,0.25018036941788,531.16,678.96,792.13,902.3,1036.8,1142.3,1246.3,1349.1,1450.8,1551.7,1676.9,1776.4,1875.5,1949.6,2048.2,2146.5,2244.8,2343.0,2441.1,2539.3,2613.0,2711.3,2809.8,2883.6,2982.3
300.0,2000.0,1.0,5.0,3.3333e-05,107.0,8600.0,0.25,4.5,1450.0,0.23530270848942,669.28,846.24,956.76,1090.7,1195.6,1299.1,1401.4,1502.8,1603.5,1703.5,1803.0,1902.0,1976.1,2074.6,2172.9,2270.9,2344.4,2442.3,2515.7,2613.5,2711.2,2784.5,2857.7,2955.4,3028.7
300.0,2000.0,1.0,10.0,3.3333e-05,107.0,8600.0,0.25,4.5,1450.0,0.23909673194759,705.54,875.08,982.19,1087.2,1190.7,1293.1,1394.4,1494.9,1594.6,1693.8,1792.4,1890.6,1988.5,2061.7,2159.0,2256.2,2353.2,2425.9,2522.6,2595.2,2691.7,2764.1,2836.4,2932.7,3004.8
300.0,2000.0,1.0,15.0,3.3333e-05,107.0,8600.0,0.25,4.5,1450.0,0.24098536914663,735.51,873.63,979.98,1084.5,1187.7,1289.7,1390.7,1490.8,1590.3,1689.1,1787.4,1885.3,1982.8,2080.0,2152.8,2249.6,2346.2,2418.6,2514.9,2587.0,2683.1,2755.1,2826.9,2922.6,2994.1
300.0,2000.0,1.0,20.0,3.3333e-05,107.0,8600.0,0.25,4.5,1450.0,0.24214599577764,735.26,872.47,978.53,1082.9,1185.9,1287.7,1388.5,1488.5,1587.8,1686.4,1784.6,1882.3,1979.6,2076.6,2149.2,2245.8,2342.2,2414.4,2510.5,2582.4,2678.2,2749.9,2821.5,2916.8,2988.0
300.0,2000.0,10.0,1.0,3.3333e-05,107.0,8600.0,0.25,4.5,1450.0,0.15332978401995,521.03,670.78,848.19,1018.4,1182.4,1341.2,1495.5,1646.0,1763.9,1908.9,2023.2,2136.1,2248.0,2358.9,2469.0,2578.4,2660.2,2768.8,2877.2,2958.3,3039.4,3147.4,3228.4,3309.5,3390.6
300.0,2000.0,10.0,5.0,3.3333e-05,107.0,8600.0,0.25,4.5,1450.0,0.07808345304185,506.02,711.13,864.1,1046.9,1222.1,1357.8,1522.7,1651.3,1808.5,1931.8,2083.3,2202.6,2320.5,2437.1,2552.6,2667.2,2780.8,2893.8,3006.1,3090.0,3201.4,3284.8,3395.6,3478.6,3561.5
300.0,2000.0,10.0,10.0,3.3333e-05,107.0,8600.0,0.25,4.5,1450.0,0.07033589833872,509.35,715.92,906.52,1052.3,1227.8,1363.8,1529.0,1657.8,1815.3,1938.8,2060.3,2209.8,2327.7,2444.4,2559.8,2674.3,2787.8,2900.6,3012.8,3096.5,3207.7,3290.8,3401.3,3483.9,3566.5
300.0,2000.0,10.0,15.0,3.3333e-05,107.0,8600.0,0.25,4.5,1450.0,0.068036846361656,510.15,717.29,907.93,1053.7,1229.3,1365.4,1530.6,1659.5,1817.0,1940.5,2062.0,2211.5,2329.4,2445.9,2561.3,2675.7,2789.2,2901.9,3013.9,3097.5,3208.5,3291.5,3401.8,3484.3,3566.6
300.0,2000.0,10.0,20.0,3.3333e-05,107.0,8600.0,0.25,4.5,1450.0,0.066968237027343,510.44,717.91,908.55,1054.4,1230.0,1366.1,1531.4,1660.2,1817.7,1941.2,2062.7,2212.1,2330.0,2446.5,2561.9,2676.2,2789.6,2902.2,3014.2,3097.7,3208.7,3291.6,3401.8,3484.2,3566.4
400.0,1.0,0.1,1.0,3.3333e-05,107.0,8600.0,0.25,4.5,1450.0,0.41205470369243,656.16,807.06,940.62,1041.7,1135.0,1204.6,1285.9,1346.5,1389.3,1442.8,1492.3,1526.5,1567.9,1595.8,1620.5,1648.1,1664.4,1676.2,1683.1,1683.1,1675.7,1662.4,1644.6,1616.0,1592.5
400.0,1.0,0.1,5.0,3.3333e-05,107.0,8600.0,0.25,4.5,1450.0,0.37708612006249,888.65,1013.9,1077.1,1125.5,1153.1,1173.9,1188.5,1195.1,1200.7,1201.7,1199.4,1195.4,1186.0,1172.6,1161.5,1141.5,1117.4,1089.7,1058.4,1010.8,969.75,889.97,802.36,705.32,604.45
400.0,1.0,0.1,10.0,3.3333e-05,107.0,8600.0,0.25,4.5,1450.0,0.27421761094311,845.12,973.59,1017.0,1038.9,1062.4,1072.9,1079.9,1083.6,1084.0,1082.7,1076.7,1065.0,1047.1,1023.3,994.6,961.81,902.22,852.2,738.9,640.52,548.74,471.39,401.34,349.39,304.24
400.0,1.0,0.1,15.0,3.3333e-05,107.0,8600.0,0.25,4.5,1450.0,0.17003278419532,790.82,893.19,951.38,980.87,1003.3,1012.1,1025.5,1030.4,1034.1,1038.3,1038.6,1037.5,1034.9,1030.2,1023.2,1013.7,987.73,972.21,955.45,937.52,896.73,872.6,813.47,744.97,681.41
400.0,1.0,0.1,20.0,3.3333e-05,107.0,8600.0,0.25,4.5,1450.0,0.15056711525067,760.93,891.78,930.83,961.61,984.38,993.04,1000.1,1009.8,1012.6,1013.9,1013.7,1011.7,1007.2,1000.3,989.5,975.88,960.25,943.27,925.15,905.56,859.47,830.15,797.2,723.99,657.23
400.0,1.0,1.0,1.0,3.3333e-05,107.0,8600.0,0.25,4.5,1450.0,0.41191501751534,656.17,807.08,940.68,1041.8,1135.1,1204.8,1286.1,1346.7,1389.6,1443.3,1492.8,1527.0,1568.6,1596.5,1621.4,1649.2,1665.5,1677.6,1684.6,1684.9,1677.7,1664.6,1647.0,1618.5,1595.0
400.0,1.0,1.0,5.0,3.3333e-05,107.0,8600.0,0.25,4.5,1450.0,0.3773196924998,888.67,1014.0,1077.2,1125.7,1153.3,1174.2,1189.0,1195.7,1201.4,1202.5,1200.3,1196.5,1187.3,1174.0,1163.0,1143.2,1119.3,1091.7,1060.6,1013.2,957.59,892.85,805.24,707.86,606.46
400.0,1.0,1.0,10.0,3.3333e-05,107.0,8600.0,0.25,4.5,1450.0,0.27445309284005,845.14,973.65,1017.1,1048.0,1062.6,1073.2,1080.3,1084.1,1084.6,1083.4,1077.5,1066.1,1048.5,1024.9,996.48,963.91,904.74,855.06,741.82,642.97,550.58,472.76,402.36,350.17,304.82
400.0,1.0,1.0,15.0,3.3333e-05,107.0,8600.0,0.25,4.5,1450.0,0.17012578941895,790.83,893.22,951.43,980.95,1003.4,1012.2,1025.7,1030.6,1034.4,1038.7,1039.1,1038.1,1035.5,1031.0,1024.2,1014.8,989.2,973.81,957.18,939.36,898.84,874.9,816.28,748.82,685.51
400.0,1.0,1.0,20.0,3.3333e-05,107.0,8600.0,0.25,4.5,1450.0,0.15064040264154,760.94,891.81,930.87,961.68,984.49,993.18,1000.3,1010.0,1012.9,1014.3,1014.2,1012.2,1007.9,1001.2,990.6,977.17,961.68,944.83,926.81,907.33,861.75,833.07,799.75,727.15,661.45
400.0,1.0,10.0,1.0,3.3333e-05,107.0,8600.0,0.25,4.5,1450.0,0.41173728878964,656.24,807.26,940.98,1042.2,1135.6,1205.4,1286.9,1347.6,1390.5,1444.2,1493.8,1528.1,1569.8,1597.8,1622.7,1650.5,1667.0,1679.0,1686.1,1686.5,1679.3,1666.2,1648.4,1619.9,1596.4
400.0,1.0,10.0,5.0,3.3333e-05,107.0,8600.0,0.25,4.5,1450.0,0.37704664098266,888.83,1014.4,1077.8,1126.6,1154.5,1175.6,1190.5,1197.3,1203.1,1204.3,1202.1,1198.3,1189.0,1175.7,1164.6,1144.6,1120.6,1092.9,1061.6,1014.0,958.11,893.12,805.24,707.72,606.29
400.0,1.0,10.0,10.0,3.3333e-05,107.0,8600.0,0.25,4.5,1450.0,0.27434773079789,845.26,974.01,1017.7,1048.9,1063.7,1074.5,1081.8,1085.7,1086.3,1085.1,1079.4,1068.0,1050.4,1026.7,998.18,965.5,906.2,856.4,742.77,643.61,551.02,473.07,402.54,345.64,304.89
400.0,1.0,10.0,15.0,3.3333e-05,107.0,8600.0,0.25,4.5,1450.0,0.18275014879581,790.91,914.7,967.53,993.61,1013.0,1020.6,1031.8,1035.7,1038.5,1040.6,1039.8,1037.3,1032.9,1026.1,1005.1,991.24,975.83,941.3,922.0,876.81,849.81,784.93,717.52,632.49,563.58
400.0,1.0,10.0,20.0,3.3333e-05,107.0,8600.0,0.25,4.5,1450.0,0.14754794352044,761.01,869.43,931.17,962.13,985.15,993.96,1001.2,1006.9,1014.2,1015.7,1015.7,1013.9,1009.7,1003.2,992.68,979.31,963.67,946.99,928.66,909.23,887.75,863.8,802.1,765.42,694.84
400.0,500.0,0.1,1.0,3.3333e-05,107.0,8600.0,0.25,4.5,1450.0,0.40017685218392,656.69,808.65,943.94,1047.0,1143.0,1215.2,1283.9,1349.1,1411.1,1469.8,1511.8,1564.7,1614.3,1649.1,1681.7,1721.6,1748.7,1773.0,1800.9,1817.9,1831.2,1840.3,1844.7,1842.5,1835.2
400.0,500.0,0.1,5.0,3.3333e-05,107.0,8600.0,0.25,4.5,1450.0,0.40840630046017,890.06,1035.6,1098.2,1148.2,1178.4,1210.6,1229.3,1244.1,1252.0,1261.0,1267.1,1270.3,1271.0,1269.2,1265.1,1258.8,1250.3,1239.6,1226.8,1206.5,1182.1,1153.1,1118.5,1066.7,1007.2
400.0,500.0,0.1,10.0,3.3333e-05,107.0,8600.0,0.25,4.5,1450.0,0.3089929693129,871.66,993.58,1035.4,1066.8,1083.0,1102.0,1111.7,1119.3,1125.1,1128.9,1130.5,1129.6,1123.2,1115.2,1104.1,1090.0,1062.8,1026.3,977.76,899.24,820.8,723.0,640.83,575.57,513.66
400.0,500.0,0.1,15.0,3.3333e-05,107.0,8600.0,0.25,4.5,1450.0,0.26817279098986,871.54,954.45,1010.2,1029.4,1044.4,1056.1,1064.9,1071.3,1075.0,1075.5,1074.4,1069.0,1059.2,1044.8,1025.9,1001.6,951.52,884.84,816.17,718.75,645.0,571.57,520.17,468.99,430.67
400.0,500.0,0.1,20.0,3.3333e-05,107.0,8600.0,0.25,4.5,1450.0,0.24765929002783,845.99,950.58,990.74,1009.7,1023.8,1034.3,1041.5,1044.0,1046.4,1044.4,1041.4,1031.3,1015.6,994.54,967.11,929.55,857.07,783.72,702.95,627.08,571.1,514.48,469.43,430.41,400.24
400.0,500.0,1.0,1.0,3.3333e-05,107.0,8600.0,0.25,4.5,1450.0,0.33651084166167,603.65,769.16,919.64,1037.2,1127.4,1236.3,1321.0,1403.7,1484.7,1564.2,1642.3,1719.1,1775.8,1850.3,1923.5,1977.5,2048.4,2100.5,2151.8,2218.7,2267.8,2315.7,2377.8,2422.9,2466.6
400.0,500.0,1.0,5.0,3.3333e-05,107.0,8600.0,0.25,4.5,1450.0,0.38336138825075,900.57,1065.9,1167.0,1241.2,1311.1,1377.7,1441.5,1487.7,1547.2,1590.3,1632.0,1685.4,1723.7,1760.5,1795.6,1828.9,1870.4,1898.9,1925.2,1948.8,1969.5,1987.0,2000.8,2013.0,2017.0
400.0,500.0,1.0,10.0,3.3333e-05,107.0,8600.0,0.25,4.5,1450.0,0.37650301990416,931.92,1060.4,1132.4,1198.5,1261.0,1306.1,1364.2,1406.4,1447.4,1487.0,1525.3,1562.1,1608.7,1641.3,1671.7,1699.4,1723.5,1743.2,1757.2,1763.9,1761.5,1741.0,1708.0,1601.7,1438.9
400.0,500.0,1.0,15.0,3.3333e-05,107.0,8600.0,0.25,4.5,1450.0,0.35337736833684,931.23,1035.2,1104.7,1168.5,1214.1,1258.4,1301.4,1343.2,1383.9,1423.3,1461.4,1497.9,1532.7,1565.4,1595.5,1622.1,1637.3,1655.1,1664.8,1663.9,1648.2,1589.5,1468.5,1250.6,1032.8
400.0,500.0,1.0,20.0,3.3333e-05,107.0,8600.0,0.25,4.5,1450.0,0.33920589329981,929.99,1030.7,1098.0,1144.9,1190.0,1233.9,1276.6,1318.1,1358.4,1397.5,1422.8,1459.4,1494.2,1526.8,1547.0,1574.1,1596.0,1610.5,1614.5,1608.8,1565.2,1487.1,1299.7,1075.5,892.63
400.0,500.0,10.0,1.0,3.3333e-05,107.0,8600.0,0.25,4.5,1450.0,0.27471603899773,618.4,807.75,984.87,1125.0,1285.6,1414.2,1514.0,1635.5,1730.4,1823.3,1914.6,2004.2,2092.4,2157.6,2243.3,2306.7,2369.3,2451.5,2512.3,2572.2,2631.2,2689.2,2727.3,2783.6,2838.7
400.0,500.0,10.0,5.0,3.3333e-05,107.0,8600.0,0.25,4.5,1450.0,0.28011491469578,908.8,1184.9,1382.9,1569.8,1697.2,1843.9,1938.0,2051.2,2138.0,2221.0,2280.5,2337.3,2391.0,2441.2,2472.2,2514.7,2539.7,2561.5,2579.2,2595.6,2598.1,2593.3,2581.8,2564.8,2542.6
400.0,500.0,10.0,10.0,3.3333e-05,107.0,8600.0,0.25,4.5,1450.0,0.27770999801044,948.46,1219.4,1413.9,1571.4,1721.1,1839.7,1952.3,2037.5,2098.0,2155.0,2208.0,2255.7,2296.5,2318.3,2333.6,2338.7,2326.9,2293.5,2242.7,2152.4,2091.3,2002.9,1944.6,1848.0,1660.5
400.0,500.0,10.0,15.0,3.3333e-05,107.0,8600.0,0.25,4.5,1450.0,0.2662046451448,950.04,1219.9,1413.5,1570.0,1694.0,1812.0,1901.7,1986.4,2046.1,2101.6,2151.9,2194.9,2217.2,2230.5,2226.0,2189.3,2125.5,2052.6,1944.7,1879.1,1795.5,1724.8,1658.8,1555.1,1387.1
400.0,500.0,10.0,20.0,3.3333e-05,107.0,8600.0,0.25,4.5,1450.0,0.23102575380242,918.62,1162.2,1331.7,1491.9,1618.7,1715.9,1808.9,1897.2,1960.0,2019.0,2073.3,2106.2,2135.4,2159.1,2172.5,2162.4,2110.7,2073.2,1991.9,1910.8,1834.3,1739.5,1658.2,1581.0,1502.0
400.0,1000.0,0.1,1.0,3.3333e-05,107.0,8600.0,0.25,4.5,1450.0,0.38785788509628,629.68,810.2,925.22,1031.7,1131.3,1206.7,1296.5,1365.0,1430.7,1478.2,1539.3,1597.8,1639.9,1693.6,1732.1,1780.8,1815.3,1847.9,1888.2,1916.0,1941.4,1964.2,1990.3,2006.2,2018.6
400.0,1000.0,0.1,5.0,3.3333e-05,107.0,8600.0,0.25,4.5,1450.0,0.42033764182355,915.56,1039.8,1120.0,1171.8,1204.9,1242.5,1266.6,1287.7,1306.2,1322.3,1336.3,1348.3,1358.4,1366.7,1373.4,1378.3,1381.7,1383.8,1383.6,1381.8,1377.2,1369.8,1359.5,1346.0,1328.8
400.0,1000.0,0.1,10.0,3.3333e-05,107.0,8600.0,0.25,4.5,1450.0,0.34598519952434,897.19,1013.4,1054.4,1086.9,1113.3,1135.3,1148.1,1164.9,1174.8,1183.6,1194.6,1200.5,1206.8,1209.2,1209.6,1207.8,1201.3,1189.8,1172.0,1134.9,1096.7,1020.6,930.47,834.83,758.55
400.0,1000.0,0.1,15.0,3.3333e-05,107.0,8600.0,0.25,4.5,1450.0,0.3031123948423,872.88,974.39,1028.0,1048.0,1072.4,1086.1,1098.2,1108.9,1118.3,1129.8,1135.6,1139.6,1141.6,1141.3,1138.5,1128.5,1117.1,1090.2,1049.8,981.91,897.89,815.29,744.36,679.02,627.17
400.0,1000.0,0.1,20.0,3.3333e-05,107.0,8600.0,0.25,4.5,1450.0,0.28058865358322,872.1,969.63,1008.0,1027.5,1050.8,1063.6,1074.7,1084.4,1092.5,1098.9,1101.3,1104.5,1105.2,1102.7,1092.3,1079.5,1048.7,1019.1,947.5,877.84,805.55,729.93,675.28,623.47,578.13
400.0,1000.0,1.0,1.0,3.3333e-05,107.0,8600.0,0.25,4.5,1450.0,0.29020206826899,606.19,750.03,884.52,1012.6,1111.7,1232.4,1326.9,1419.9,1511.7,1602.4,1692.3,1781.5,1870.0,1936.0,2023.5,2110.5,2175.4,2261.6,2347.3,2411.3,2496.2,2559.5,2622.5,2706.0,2768.1
400.0,1000.0,1.0,5.0,3.3333e-05,107.0,8600.0,0.25,4.5,1450.0,0.3096735646644,853.12,1041.4,1161.6,1275.1,1362.8,1448.7,1533.2,1616.5,1678.3,1759.8,1820.4,1900.4,1959.7,2038.1,2096.2,2153.7,2229.4,2285.4,2340.6,2394.9,2448.4,2500.9,2552.3,2602.5,2651.3
400.0,1000.0,1.0,10.0,3.3333e-05,107.0,8600.0,0.25,4.5,1450.0,0.32373619654645,917.19,1066.4,1177.8,1263.2,1346.6,1428.7,1509.7,1589.8,1649.2,1727.6,1785.8,1862.6,1919.5,1994.4,2049.7,2104.3,2158.1,2228.4,2279.8,2330.1,2378.9,2426.1,2471.3,2514.1,2553.8
400.0,1000.0,1.0,15.0,3.3333e-05,107.0,8600.0,0.25,4.5,1450.0,0.3295789735487,943.88,1063.1,1171.6,1255.2,1337.4,1418.4,1498.3,1557.7,1636.0,1713.4,1770.7,1846.3,1902.3,1957.6,2030.1,2083.5,2135.9,2204.1,2253.7,2301.7,2347.6,2390.9,2430.7,2465.6,2493.6
400.0,1000.0,1.0,20.0,3.3333e-05,107.0,8600.0,0.25,4.5,1450.0,0.33262904570173,943.17,1060.4,1167.4,1250.4,1332.0,1412.5,1491.9,1550.9,1628.6,1705.5,1762.4,1837.3,1892.8,1947.5,2019.2,2071.9,2123.6,2190.4,2238.8,2285.1,2328.6,2368.5,2403.0,2429.6,2443.9
400.0,1000.0,10.0,1.0,3.3333e-05,107.0,8600.0,0.25,4.5,1450.0,0.20790520426264,557.69,764.87,927.91,1114.6,1264.0,1408.6,1549.1,1658.9,1793.5,1899.3,2003.7,2106.8,2208.8,2309.9,2385.1,2484.9,2559.3,2658.0,2731.8,2805.3,2878.6,2951.7,3024.6,3097.3,3169.9
400.0,1000.0,10.0,5.0,3.3333e-05,107.0,8600.0,0.25,4.5,1450.0,0.13993801343819,712.03,963.54,1164.4,1355.8,1509.4,1688.0,1832.8,1946.2,2085.5,2195.1,2303.3,2410.2,2515.9,2620.5,2698.3,2775.6,2852.3,2928.5,3004.1,3079.2,3129.0,3178.5,3252.2,3300.9,3349.3
400.0,1000.0,10.0,10.0,3.3333e-05,107.0,8600.0,0.25,4.5,1450.0,0.13860427619336,792.63,1038.5,1236.0,1424.8,1606.5,1753.4,1896.6,2036.8,2174.2,2282.4,2389.1,2494.5,2598.6,2675.8,2752.4,2828.2,2903.2,2977.5,3050.8,3099.1,3147.0,3194.2,3240.9,3286.7,3331.7
400.0,1000.0,10.0,15.0,3.3333e-05,107.0,8600.0,0.25,4.5,1450.0,0.14148150697344,794.17,1073.8,1269.7,1457.2,1637.7,1812.4,1954.2,2093.0,2202.1,2336.2,2441.8,2546.1,2623.3,2725.1,2800.5,2874.9,2948.4,2996.7,3068.1,3114.9,3160.8,3205.7,3249.3,3270.5,3311.2
400.0,1000.0,10.0,20.0,3.3333e-05,107.0,8600.0,0.25,4.5,1450.0,0.14482443998823,831.47,1107.8,1302.1,1488.3,1667.7,1841.4,1982.5,2120.5,2255.9,2362.4,2467.4,2570.9,2673.0,2748.5,2823.0,2896.5,2968.7,3016.1,3062.6,3130.7,3152.7,3195.6,3236.2,3273.1,3289.1
400.0,1500.0,0.1,1.0,3.3333e-05,107.0,8600.0,0.25,4.5,1450.0,0.37607554218146,630.08,787.28,927.99,1036.1,1137.8,1215.3,1289.9,1361.9,1431.4,1498.6,1563.7,1611.2,1672.6,1717.2,1774.9,1816.6,1870.3,1908.9,1946.1,1993.4,2026.9,2058.6,2098.0,2125.2,2150.1
400.0,1500.0,0.1,5.0,3.3333e-05,107.0,8600.0,0.25,4.5,1450.0,0.42030199827942,917.15,1043.8,1127.6,1183.7,1232.3,1264.7,1294.4,1330.2,1354.7,1377.5,1398.6,1418.2,1436.3,1453.1,1468.5,1482.6,1499.4,1510.4,1520.1,1531.1,1537.8,1544.7,1548.4,1551.3,1551.9
400.0,1500.0,0.1,10.0,3.3333e-05,107.0,8600.0,0.25,4.5,1450.0,0.37992074129488,921.79,1017.7,1074.1,1118.6,1147.0,1172.6,1188.5,1210.8,1231.6,1244.7,1263.0,1279.8,1295.0,1304.1,1316.0,1325.7,1332.8,1337.0,1337.0,1331.9,1315.9,1286.7,1232.1,1152.9,1065.8
400.0,1500.0,0.1,15.0,3.3333e-05,107.0,8600.0,0.25,4.5,1450.0,0.33977926063367,898.08,993.95,1046.7,1077.6,1095.7,1120.5,1135.8,1157.3,1170.8,1189.7,1201.4,1217.3,1226.8,1235.2,1245.4,1252.3,1254.7,1253.9,1245.6,1218.7,1172.4,1100.5,1018.3,941.22,860.92
400.0,1500.0,0.1,20.0,3.3333e-05,107.0,8600.0,0.25,4.5,1450.0,0.31695321254849,896.91,988.38,1026.1,1056.1,1073.6,1097.4,1112.2,1126.3,1139.6,1158.1,1169.4,1179.7,1188.9,1200.2,1205.7,1210.3,1209.9,1202.1,1182.5,1135.9,1075.9,990.07,920.42,843.86,784.0
400.0,1500.0,1.0,1.0,3.3333e-05,107.0,8600.0,0.25,4.5,1450.0,0.26007136738617,577.49,727.44,868.34,1003.3,1108.1,1210.8,1336.7,1436.0,1534.2,1631.5,1728.0,1824.0,1919.6,1991.0,2085.9,2180.6,2275.1,2345.9,2440.2,2534.4,2605.0,2699.1,2769.7,2863.7,2934.2
400.0,1500.0,1.0,5.0,3.3333e-05,107.0,8600.0,0.25,4.5,1450.0,0.25485838479382,828.25,1002.4,1135.2,1261.6,1360.0,1456.8,1552.4,1647.0,1741.0,1811.1,1904.1,1996.7,2065.9,2157.9,2226.7,2295.3,2386.5,2454.8,2522.8,2613.3,2680.9,2748.3,2815.4,2882.2,2948.8
400.0,1500.0,1.0,10.0,3.3333e-05,107.0,8600.0,0.25,4.5,1450.0,0.2630361076398,896.6,1060.0,1160.4,1281.8,1377.1,1471.3,1541.4,1634.2,1726.5,1818.2,1886.7,1977.7,2045.7,2136.0,2203.5,2293.1,2360.1,2426.8,2493.3,2581.5,2647.3,2712.7,2777.7,2842.3,2906.3
400.0,1500.0,1.0,15.0,3.3333e-05,107.0,8600.0,0.25,4.5,1450.0,0.26673605131754,897.8,1058.6,1181.7,1277.5,1372.0,1465.6,1535.2,1627.5,1719.2,1810.4,1878.4,1968.8,2036.3,2126.0,2193.0,2281.9,2348.3,2414.4,2502.1,2567.4,2632.4,2697.0,2761.0,2824.4,2887.2
400.0,1500.0,1.0,20.0,3.3333e-05,107.0,8600.0,0.25,4.5,1450.0,0.26889577902416,897.91,1057.1,1179.3,1274.7,1368.9,1462.2,1531.6,1623.6,1715.0,1805.9,1873.7,1963.8,2031.1,2120.4,2187.0,2275.6,2341.6,2407.4,2494.6,2559.5,2624.0,2688.0,2751.4,2814.2,2876.2
400.0,1500.0,10.0,1.0,3.3333e-05,107.0,8600.0,0.25,4.5,1450.0,0.17142364784898,562.16,741.95,912.88,1077.0,1235.2,1388.4,1537.4,1653.9,1796.8,1909.2,2020.1,2157.0,2265.3,2346.0,2452.9,2559.2,2638.6,2744.1,2823.0,2928.1,3006.8,3085.4,3164.0,3242.7,3321.4
400.0,1500.0,10.0,5.0,3.3333e-05,107.0,8600.0,0.25,4.5,1450.0,0.093375496891165,597.55,831.21,1047.7,1185.5,1352.2,1513.5,1670.4,1793.2,1943.6,2061.9,2178.5,2322.3,2436.0,2520.5,2632.4,2743.5,2826.3,2936.2,3018.2,3100.0,3208.7,3290.0,3344.2,3425.2,3506.2
400.0,1500.0,10.0,10.0,3.3333e-05,107.0,8600.0,0.25,4.5,1450.0,0.085416774037198,601.12,874.36,1054.0,1225.9,1391.7,1552.4,1677.7,1831.0,1951.2,2098.9,2215.2,2330.0,2443.6,2556.1,2667.7,2750.8,2860.9,2943.0,3052.0,3133.4,3214.5,3295.4,3376.1,3429.8,3510.2
400.0,1500.0,10.0,15.0,3.3333e-05,107.0,8600.0,0.25,4.5,1450.0,0.083259509793999,601.75,875.97,1090.5,1261.2,1393.5,1554.2,1710.5,1832.8,1982.7,2100.6,2216.8,2331.6,2445.1,2557.5,2668.9,2779.4,2861.8,2971.1,3052.6,3133.8,3214.7,3295.3,3375.7,3429.2,3509.2
400.0,1500.0,10.0,20.0,3.3333e-05,107.0,8600.0,0.25,4.5,1450.0,0.082341879784523,601.91,913.35,1091.2,1262.0,1394.2,1554.9,1711.2,1833.5,1983.4,2101.2,2217.4,2360.6,2473.8,2557.9,2669.3,2779.7,2862.0,2971.1,3052.5,3133.6,3214.3,3294.8,3375.0,3428.3,3508.1
400.0,2000.0,0.1,1.0,3.3333e-05,107.0,8600.0,0.25,4.5,1450.0,0.36524169790349,630.47,788.55,930.66,1040.4,1123.7,1203.9,1300.2,1374.5,1446.8,1499.7,1568.7,1635.9,1701.4,1749.5,1812.0,1857.7,1902.5,1960.5,2002.8,2057.4,2096.9,2135.1,2172.0,2218.9,2252.2
400.0,2000.0,0.1,5.0,3.3333e-05,107.0,8600.0,0.25,4.5,1450.0,0.41461471424798,894.07,1047.6,1134.8,1194.7,1248.0,1284.6,1330.0,1361.7,1391.9,1420.6,1448.1,1482.7,1507.4,1531.0,1553.5,1574.9,1595.2,1620.6,1638.4,1655.1,1675.5,1689.4,1706.2,1717.3,1730.3
400.0,2000.0,0.1,10.0,3.3333e-05,107.0,8600.0,0.25,4.5,1450.0,0.40269776593897,923.49,1038.0,1094.8,1142.2,1174.1,1204.0,1232.4,1259.6,1285.8,1310.9,1335.1,1358.3,1380.4,1401.3,1421.0,1439.2,1455.8,1475.2,1487.2,1496.8,1504.8,1505.8,1497.7,1470.9,1424.9
400.0,2000.0,0.1,15.0,3.3333e-05,107.0,8600.0,0.25,4.5,1450.0,0.37307282368678,922.2,1013.4,1066.4,1099.8,1130.2,1158.7,1186.1,1203.7,1229.3,1254.0,1277.7,1292.9,1314.7,1335.1,1353.9,1371.0,1385.8,1397.9,1406.5,1410.2,1403.8,1380.3,1327.5,1249.2,1154.4
400.0,2000.0,0.1,20.0,3.3333e-05,107.0,8600.0,0.25,4.5,1450.0,0.35308801140078,920.52,1007.2,1045.2,1077.7,1107.3,1135.3,1153.3,1179.5,1196.4,1221.0,1236.8,1259.5,1280.9,1294.4,1313.1,1329.7,1343.7,1353.9,1358.8,1355.5,1333.5,1290.6,1210.2,1124.2,1040.2
400.0,2000.0,1.0,1.0,3.3333e-05,107.0,8600.0,0.25,4.5,1450.0,0.23850103132407,579.06,732.08,848.44,988.79,1098.0,1205.1,1310.5,1440.3,1543.0,1644.7,1745.8,1846.4,1946.5,2021.4,2121.0,2220.5,2319.9,2419.2,2493.8,2593.2,2692.7,2767.5,2867.3,2942.2,3042.3
400.0,2000.0,1.0,5.0,3.3333e-05,107.0,8600.0,0.25,4.5,1450.0,0.21741504164262,800.36,983.54,1124.2,1232.4,1364.2,1467.8,1544.7,1646.5,1747.5,1848.0,1948.1,2022.9,2122.4,2197.0,2296.3,2370.7,2469.8,2544.2,2643.4,2717.8,2792.3,2866.8,2966.2,3040.8,3115.5
400.0,2000.0,1.0,10.0,3.3333e-05,107.0,8600.0,0.25,4.5,1450.0,0.22094099678307,840.62,1018.3,1154.1,1259.1,1362.4,1464.5,1565.7,1666.2,1741.1,1840.7,1939.9,2038.7,2112.7,2211.2,2285.0,2383.3,2457.0,2530.6,2628.8,2702.5,2776.1,2874.4,2948.0,3021.7,3095.3
400.0,2000.0,1.0,15.0,3.3333e-05,107.0,8600.0,0.25,4.5,1450.0,0.22280742983885,873.52,1045.9,1152.7,1257.0,1359.8,1461.5,1562.3,1662.5,1762.0,1836.4,1935.3,2033.8,2107.6,2205.8,2279.3,2377.2,2450.6,2548.5,2621.8,2695.1,2768.4,2866.1,2939.4,3012.6,3085.8
400.0,2000.0,1.0,20.0,3.3333e-05,107.0,8600.0,0.25,4.5,1450.0,0.22396599239498,873.91,1045.2,1151.5,1255.5,1358.0,1459.6,1560.2,1660.2,1759.6,1833.9,1932.6,2031.0,2104.6,2202.6,2275.9,2373.7,2446.9,2544.5,2617.7,2690.8,2763.9,2861.3,2934.4,3007.3,3080.2
400.0,2000.0,10.0,1.0,3.3333e-05,107.0,8600.0,0.25,4.5,1450.0,0.14848614101041,526.9,713.6,890.24,1059.8,1223.4,1350.5,1505.3,1656.4,1774.8,1920.4,2035.2,2148.6,2261.0,2372.4,2483.0,2593.0,2675.2,2784.4,2893.3,2974.8,3056.3,3164.9,3246.3,3327.9,3409.5
400.0,2000.0,10.0,5.0,3.3333e-05,107.0,8600.0,0.25,4.5,1450.0,0.073394173734378,512.61,760.11,949.3,1129.4,1268.3,1436.5,1567.5,1695.7,1852.6,1975.7,2096.9,2246.3,2364.1,2480.8,2596.4,2711.0,2796.4,2909.7,3022.4,3106.6,3218.4,3302.0,3413.2,3496.4,3579.6
400.0,2000.0,10.0,10.0,3.3333e-05,107.0,8600.0,0.25,4.5,1450.0,0.065712088162655,514.56,804.42,955.25,1135.5,1274.5,1443.1,1574.3,1702.7,1859.7,1983.0,2104.4,2224.1,2371.7,2488.3,2603.8,2718.4,2803.8,2916.9,3029.4,3113.4,3224.9,3308.3,3419.2,3502.1,3584.9
400.0,2000.0,10.0,15.0,3.3333e-05,107.0,8600.0,0.25,4.5,1450.0,0.063422001848097,514.73,805.9,993.52,1137.0,1310.3,1444.8,1576.0,1736.1,1861.5,1984.7,2106.1,2255.5,2373.3,2489.9,2605.4,2719.9,2805.2,2918.2,3030.6,3114.5,3225.9,3309.2,3419.8,3502.7,3585.3
400.0,2000.0,10.0,20.0,3.3333e-05,107.0,8600.0,0.25,4.5,1450.0,0.062352684406471,514.73,806.51,994.2,1137.7,1311.0,1445.5,1576.8,1736.9,1862.2,1985.5,2106.8,2256.2,2374.0,2490.5,2606.0,2720.4,2805.7,2918.7,3031.0,3114.8,3226.1,3309.3,3419.9,3502.6,3585.2
500.0,1.0,0.1,1.0,3.3333e-05,107.0,8600.0,0.25,4.5,1450.0,0.37677056263642,678.46,869.39,1015.1,1127.1,1231.9,1330.7,1405.8,1477.7,1546.3,1611.9,1674.2,1718.7,1775.1,1815.0,1852.6,1887.9,1930.7,1959.4,1984.7,2006.2,2023.2,2034.9,2040.3,2037.9,2027.6
500.0,1.0,0.1,5.0,3.3333e-05,107.0,8600.0,0.25,4.5,1450.0,0.36617218490241,1022.5,1190.1,1286.4,1350.0,1401.8,1433.2,1458.0,1476.4,1485.2,1492.9,1494.6,1491.9,1486.8,1474.5,1463.4,1442.3,1416.0,1384.7,1349.0,1309.2,1265.0,1197.4,1118.0,1008.5,885.59
500.0,1.0,0.1,10.0,3.3333e-05,107.0,8600.0,0.25,4.5,1450.0,0.27239051177128,1004.0,1171.5,1242.4,1283.2,1304.6,1321.7,1334.7,1343.8,1348.9,1349.5,1344.6,1332.4,1311.6,1282.6,1247.5,1208.6,1166.4,1119.4,1031.8,894.75,778.16,655.48,559.41,484.96,422.98
500.0,1.0,0.1,15.0,3.3333e-05,107.0,8600.0,0.25,4.5,1450.0,0.24129788029552,1004.6,1148.3,1202.2,1243.1,1263.3,1278.2,1288.1,1292.6,1292.4,1285.5,1266.0,1250.9,1213.3,1170.4,1124.8,1076.8,1023.1,919.11,814.51,707.04,610.77,529.58,457.07,403.25,362.51
500.0,1.0,0.1,20.0,3.3333e-05,107.0,8600.0,0.25,4.5,1450.0,0.22872682252962,976.1,1125.4,1196.1,1221.7,1240.9,1254.1,1261.0,1260.1,1255.3,1232.5,1214.5,1172.2,1124.7,1100.0,1050.9,980.63,935.43,851.52,758.22,657.45,567.05,480.57,423.92,375.51,336.6
500.0,1.0,1.0,1.0,3.3333e-05,107.0,8600.0,0.25,4.5,1450.0,0.37663406998765,678.47,869.4,1015.2,1127.1,1232.0,1330.9,1406.0,1477.9,1546.6,1612.1,1674.5,1719.1,1775.6,1815.5,1853.2,1888.5,1931.5,1960.2,1985.6,2007.3,2024.4,2036.3,2041.9,2039.8,2029.7
500.0,1.0,1.0,5.0,3.3333e-05,107.0,8600.0,0.25,4.5,1450.0,0.36631845153254,1022.6,1190.2,1286.5,1350.1,1402.1,1433.4,1458.4,1476.9,1485.7,1493.7,1495.4,1492.9,1487.9,1475.8,1464.8,1443.9,1417.8,1386.7,1351.1,1311.4,1267.4,1200.1,1121.0,1011.4,888.19
500.0,1.0,1.0,10.0,3.3333e-05,107.0,8600.0,0.25,4.5,1450.0,0.27255040915875,1004.1,1171.6,1242.5,1283.3,1304.8,1321.9,1335.0,1344.2,1349.4,1350.1,1345.4,1333.5,1313.0,1284.3,1249.4,1210.7,1168.7,1121.8,1034.6,897.36,780.28,656.98,560.48,485.72,423.57
500.0,1.0,1.0,15.0,3.3333e-05,107.0,8600.0,0.25,4.5,1450.0,0.24140575297712,1004.6,1148.3,1202.3,1243.3,1263.5,1278.5,1288.4,1293.0,1293.0,1286.3,1267.1,1252.3,1215.0,1172.4,1126.9,1078.9,1025.0,920.67,815.8,708.13,611.69,519.41,457.65,403.76,362.88
500.0,1.0,1.0,20.0,3.3333e-05,107.0,8600.0,0.25,4.5,1450.0,0.22882983284683,976.12,1125.4,1196.2,1221.8,1241.1,1254.3,1261.4,1260.7,1256.0,1233.7,1215.9,1173.6,1126.8,1102.2,1053.2,983.64,936.64,849.13,756.8,658.57,568.43,482.29,425.43,376.85,337.77
500.0,1.0,10.0,1.0,3.3333e-05,107.0,8600.0,0.25,4.5,1450.0,0.37646448008831,678.51,869.53,1015.4,1127.4,1232.4,1331.3,1406.5,1478.4,1547.2,1612.8,1675.3,1719.9,1776.5,1816.4,1854.2,1900.7,1932.5,1961.4,1986.8,2008.5,2025.7,2037.7,2043.3,2041.2,2031.1
500.0,1.0,10.0,5.0,3.3333e-05,107.0,8600.0,0.25,4.5,1450.0,0.36609699196252,1022.7,1190.4,1287.0,1350.8,1403.0,1434.6,1459.7,1478.4,1487.3,1495.4,1497.2,1494.7,1489.7,1477.5,1466.5,1445.5,1419.3,1388.0,1352.3,1312.5,1268.4,1200.9,1121.5,1011.7,888.27
500.0,1.0,10.0,10.0,3.3333e-05,107.0,8600.0,0.25,4.5,1450.0,0.27247685086031,1004.2,1171.8,1243.0,1284.0,1305.6,1323.0,1336.2,1345.5,1350.9,1351.8,1347.2,1335.4,1315.0,1286.2,1251.3,1212.4,1170.3,1123.5,1036.2,898.72,781.27,657.66,560.98,486.11,423.85
500.0,1.0,10.0,15.0,3.3333e-05,107.0,8600.0,0.25,4.5,1450.0,0.24140358382788,1004.7,1148.6,1202.7,1243.9,1264.4,1279.5,1289.7,1294.5,1294.6,1288.1,1269.2,1254.4,1217.1,1174.4,1128.8,1080.7,1027.0,922.94,817.63,709.41,612.59,520.01,458.07,404.03,363.1
500.0,1.0,10.0,20.0,3.3333e-05,107.0,8600.0,0.25,4.5,1450.0,0.22915068069598,976.22,1125.6,1196.6,1222.4,1241.9,1255.4,1262.8,1262.3,1257.8,1235.9,1218.2,1175.8,1128.9,1079.1,1030.3,984.32,939.6,856.02,763.06,662.64,571.29,483.78,426.47,377.41,338.07
500.0,500.0,0.1,1.0,3.3333e-05,107.0,8600.0,0.25,4.5,1450.0,0.365596353881,678.77,870.51,1017.4,1130.6,1237.2,1318.4,1415.3,1489.5,1561.0,1612.9,1679.7,1743.9,1790.2,1849.5,1892.1,1932.8,1971.6,2020.2,2054.0,2085.4,2114.0,2139.6,2161.7,2179.9,2193.3
500.0,500.0,0.1,5.0,3.3333e-05,107.0,8600.0,0.25,4.5,1450.0,0.38445364647304,1050.3,1214.1,1309.3,1373.2,1426.9,1460.9,1489.7,1513.5,1532.5,1546.9,1554.1,1561.1,1564.0,1563.8,1560.4,1553.6,1543.6,1530.6,1514.5,1495.4,1473.5,1439.7,1399.6,1352.0,1295.9
500.0,500.0,0.1,10.0,3.3333e-05,107.0,8600.0,0.25,4.5,1450.0,0.29683268366118,1032.4,1174.4,1263.2,1303.7,1325.8,1352.7,1366.9,1378.3,1387.0,1393.0,1396.0,1395.4,1390.8,1381.6,1359.4,1339.5,1315.7,1271.9,1214.4,1140.7,1032.8,913.08,805.33,716.36,630.03
500.0,500.0,0.1,15.0,3.3333e-05,107.0,8600.0,0.25,4.5,1450.0,0.25874930444851,1005.8,1151.0,1222.5,1262.5,1283.2,1299.8,1312.9,1322.5,1328.5,1330.2,1329.0,1321.8,1307.7,1287.2,1261.5,1230.1,1191.3,1113.0,1020.1,907.12,817.08,718.96,639.88,570.64,518.92
500.0,500.0,0.1,20.0,3.3333e-05,107.0,8600.0,0.25,4.5,1450.0,0.24005792745558,1005.3,1148.4,1201.0,1240.4,1260.1,1275.3,1286.4,1293.1,1294.6,1292.8,1288.8,1274.3,1252.2,1224.4,1190.1,1145.9,1087.5,989.48,900.51,804.84,702.75,631.68,572.67,520.52,480.59
500.0,500.0,1.0,1.0,3.3333e-05,107.0,8600.0,0.25,4.5,1450.0,0.31163869039439,651.05,824.84,983.51,1107.6,1202.9,1318.0,1407.5,1495.1,1580.9,1665.3,1748.4,1830.2,1890.8,1970.7,2049.5,2107.8,2165.6,2241.5,2297.7,2353.1,2425.9,2479.4,2532.1,2583.8,2634.4
500.0,500.0,1.0,5.0,3.3333e-05,107.0,8600.0,0.25,4.5,1450.0,0.35183124515216,1032.1,1236.8,1347.9,1449.7,1525.9,1598.4,1650.7,1718.0,1766.8,1814.1,1860.0,1918.9,1961.3,2002.0,2028.2,2066.0,2101.7,2135.2,2166.2,2194.4,2219.4,2234.0,2252.6,2266.6,2275.5
500.0,500.0,1.0,10.0,3.3333e-05,107.0,8600.0,0.25,4.5,1450.0,0.35266419053421,1095.8,1260.8,1359.4,1430.6,1481.1,1545.4,1591.8,1636.8,1680.4,1722.7,1763.4,1802.5,1839.7,1863.3,1896.7,1927.0,1953.3,1974.1,1987.6,1991.5,1988.0,1971.9,1926.2,1864.6,1696.4
500.0,500.0,1.0,15.0,3.3333e-05,107.0,8600.0,0.25,4.5,1450.0,0.33107674814692,1096.4,1235.9,1331.6,1383.3,1448.3,1495.0,1540.2,1569.6,1612.6,1654.2,1694.3,1720.0,1756.9,1791.4,1812.6,1840.8,1863.0,1873.0,1878.7,1870.1,1842.0,1783.9,1639.8,1424.0,1189.6
500.0,500.0,1.0,20.0,3.3333e-05,107.0,8600.0,0.25,4.5,1450.0,0.3168442901337,1069.6,1232.5,1307.6,1358.7,1407.1,1453.7,1498.8,1542.5,1585.0,1612.5,1652.5,1678.1,1714.8,1737.7,1769.1,1795.2,1808.2,1818.6,1817.6,1799.4,1751.4,1654.9,1431.3,1208.7,1015.2
500.0,500.0,10.0,1.0,3.3333e-05,107.0,8600.0,0.25,4.5,1450.0,0.25577136374935,629.62,824.03,1005.5,1177.0,1313.7,1445.8,1548.5,1673.6,1771.6,1867.7,1962.3,2055.5,2147.4,2215.5,2305.3,2372.0,2438.0,2525.1,2589.8,2653.8,2717.1,2779.8,2821.2,2882.6,2943.2
500.0,500.0,10.0,5.0,3.3333e-05,107.0,8600.0,0.25,4.5,1450.0,0.24167322441076,965.38,1248.8,1479.4,1643.2,1800.5,1927.2,2050.0,2145.6,2238.7,2329.2,2395.1,2459.3,2521.5,2581.5,2638.8,2675.3,2710.3,2759.4,2789.5,2816.8,2840.7,2860.2,2867.8,2877.6,2879.2
500.0,500.0,10.0,10.0,3.3333e-05,107.0,8600.0,0.25,4.5,1450.0,0.2533263687789,1072.3,1344.9,1540.8,1726.6,1853.8,2000.5,2094.6,2185.3,2272.4,2334.7,2394.0,2449.7,2500.6,2531.0,2557.7,2578.8,2591.0,2587.3,2558.4,2504.5,2436.7,2366.0,2298.4,2235.0,2149.2
500.0,500.0,10.0,15.0,3.3333e-05,107.0,8600.0,0.25,4.5,1450.0,0.24498167541494,1074.3,1345.9,1541.0,1699.9,1851.9,1973.2,2066.5,2156.0,2220.3,2301.1,2339.0,2391.5,2422.7,2460.1,2468.4,2471.4,2438.6,2364.0,2276.1,2190.7,2111.2,2011.5,1930.7,1855.1,1778.1
500.0,500.0,10.0,20.0,3.3333e-05,107.0,8600.0,0.25,4.5,1450.0,0.22625552132634,1074.9,1317.3,1513.5,1673.2,1800.7,1923.1,2017.3,2085.4,2172.3,2233.8,2291.4,2326.9,2359.2,2386.8,2405.5,2402.1,2346.2,2299.7,2199.6,2104.2,2016.4,1909.9,1815.6,1723.3,1628.0
500.0,1000.0,0.1,1.0,3.3333e-05,107.0,8600.0,0.25,4.5,1450.0,0.35498493166797,679.09,845.58,995.79,1111.7,1221.1,1324.9,1404.7,1481.7,1556.3,1628.6,1698.6,1749.7,1815.9,1864.0,1926.2,1971.3,2014.9,2057.0,2110.6,2148.8,2185.2,2219.5,2251.5,2281.1,2308.0
500.0,1000.0,0.1,5.0,3.3333e-05,107.0,8600.0,0.25,4.5,1450.0,0.3902235752297,1051.6,1217.3,1332.4,1397.0,1452.8,1489.4,1521.9,1550.5,1575.4,1597.0,1615.3,1630.4,1638.9,1649.1,1656.6,1661.4,1663.6,1663.6,1661.4,1656.9,1650.4,1641.7,1626.7,1612.9,1590.5
500.0,1000.0,0.1,10.0,3.3333e-05,107.0,8600.0,0.25,4.5,1450.0,0.32452453861623,1060.1,1197.6,1284.2,1324.9,1358.7,1377.9,1402.8,1417.0,1429.4,1444.9,1453.0,1459.2,1464.3,1464.7,1462.5,1453.9,1444.6,1424.9,1396.6,1357.0,1304.2,1198.3,1094.9,979.07,885.24
500.0,1000.0,0.1,15.0,3.3333e-05,107.0,8600.0,0.25,4.5,1450.0,0.28378372351257,1034.2,1174.0,1242.8,1282.5,1304.1,1331.0,1345.9,1358.6,1369.3,1377.7,1383.5,1386.4,1385.7,1381.2,1372.7,1359.8,1341.8,1302.1,1243.6,1171.5,1053.7,957.64,871.59,789.63,718.53
500.0,1000.0,0.1,20.0,3.3333e-05,107.0,8600.0,0.25,4.5,1450.0,0.26238932545024,1033.7,1170.7,1220.9,1259.8,1280.5,1297.9,1312.5,1324.7,1334.4,1341.1,1344.4,1344.5,1341.3,1333.2,1319.9,1300.6,1256.4,1214.2,1138.1,1038.3,937.15,847.5,773.05,712.3,657.84
500.0,1000.0,1.0,1.0,3.3333e-05,107.0,8600.0,0.25,4.5,1450.0,0.2726694180708,621.6,802.51,942.14,1074.9,1202.5,1301.9,1399.3,1495.1,1589.6,1683.0,1775.5,1867.3,1958.4,2026.4,2116.6,2206.5,2273.6,2362.7,2429.4,2517.9,2584.1,2650.1,2737.7,2803.2,2868.4
500.0,1000.0,1.0,5.0,3.3333e-05,107.0,8600.0,0.25,4.5,1450.0,0.28189932455912,980.35,1178.6,1330.5,1449.1,1540.3,1629.4,1716.8,1781.5,1866.7,1930.1,2013.8,2076.0,2137.8,2199.1,2259.9,2320.3,2380.1,2439.3,2498.0,2555.9,2613.1,2669.5,2724.9,2761.3,2814.9
500.0,1000.0,1.0,10.0,3.3333e-05,107.0,8600.0,0.25,4.5,1450.0,0.29708888867226,1049.5,1261.0,1377.3,1465.5,1551.3,1635.5,1697.8,1780.1,1841.2,1901.9,1982.0,2041.6,2100.7,2159.2,2217.1,2274.4,2331.0,2386.7,2441.6,2495.4,2547.9,2599.1,2648.4,2680.2,2725.6
500.0,1000.0,1.0,15.0,3.3333e-05,107.0,8600.0,0.25,4.5,1450.0,0.30379190320639,1079.5,1259.3,1372.4,1458.5,1542.6,1604.7,1686.7,1767.8,1828.1,1887.9,1966.8,2025.4,2083.5,2141.0,2197.7,2253.8,2308.9,2363.1,2416.1,2467.7,2517.4,2564.8,2609.0,2636.0,2671.4
500.0,1000.0,1.0,20.0,3.3333e-05,107.0,8600.0,0.25,4.5,1450.0,0.30756620415852,1079.6,1257.3,1368.7,1453.8,1537.1,1598.8,1680.2,1740.7,1820.5,1879.9,1958.2,2016.3,2073.8,2130.7,2186.8,2242.1,2296.5,2349.6,2401.4,2451.3,2498.7,2542.7,2581.4,2603.1,2626.3
500.0,1000.0,10.0,1.0,3.3333e-05,107.0,8600.0,0.25,4.5,1450.0,0.19769041743634,601.17,775.0,972.06,1128.7,1279.7,1425.8,1567.9,1706.5,1815.2,1922.4,2028.1,2132.7,2236.1,2338.7,2440.6,2516.6,2592.2,2692.7,2767.8,2842.7,2917.4,2992.0,3066.5,3140.9,3215.2
500.0,1000.0,10.0,5.0,3.3333e-05,107.0,8600.0,0.25,4.5,1450.0,0.12388256164526,760.64,1014.7,1249.1,1408.5,1562.7,1712.5,1858.7,2001.7,2114.2,2225.2,2334.8,2443.2,2550.5,2630.4,2736.1,2814.8,2893.1,2971.0,3048.6,3100.0,3176.9,3227.9,3304.2,3354.8,3405.2
500.0,1000.0,10.0,10.0,3.3333e-05,107.0,8600.0,0.25,4.5,1450.0,0.11942374054833,803.7,1091.1,1321.6,1478.7,1631.0,1779.3,1924.0,2065.8,2177.3,2287.3,2396.0,2503.5,2609.8,2688.8,2767.3,2845.2,2922.6,2999.4,3075.6,3126.1,3201.3,3251.0,3300.4,3349.4,3397.9
500.0,1000.0,10.0,15.0,3.3333e-05,107.0,8600.0,0.25,4.5,1450.0,0.11988407604226,804.55,1126.9,1355.3,1511.3,1662.7,1810.1,1954.0,2095.1,2206.0,2342.7,2450.4,2530.4,2636.1,2714.6,2818.3,2895.3,2946.3,3022.2,3097.4,3147.1,3196.3,3245.1,3293.4,3341.0,3387.9
500.0,1000.0,10.0,20.0,3.3333e-05,107.0,8600.0,0.25,4.5,1450.0,0.12096785342691,842.88,1161.2,1356.0,1542.6,1693.0,1839.6,1982.9,2123.3,2233.7,2342.7,2450.3,2556.6,2661.7,2739.7,2817.1,2893.8,2969.7,3044.9,3094.5,3143.6,3216.4,3264.1,3311.0,3334.1,3379.4
500.0,1500.0,0.1,1.0,3.3333e-05,107.0,8600.0,0.25,4.5,1450.0,0.34526530303915,649.51,846.51,997.71,1114.8,1225.5,1310.4,1412.6,1491.5,1568.3,1624.5,1697.8,1769.2,1821.6,1889.9,1939.8,2004.8,2052.3,2098.6,2143.6,2201.8,2243.8,2284.3,2323.2,2360.5,2395.9
500.0,1500.0,0.1,5.0,3.3333e-05,107.0,8600.0,0.25,4.5,1450.0,0.38866487564878,1052.8,1220.3,1338.3,1405.8,1465.6,1506.0,1554.5,1587.3,1617.4,1644.8,1669.9,1685.2,1706.5,1725.5,1742.4,1757.3,1770.1,1780.8,1789.6,1796.4,1801.5,1804.7,1806.2,1805.5,1802.9
500.0,1500.0,0.1,10.0,3.3333e-05,107.0,8600.0,0.25,4.5,1450.0,0.35076827617379,1087.1,1220.4,1305.5,1346.9,1382.8,1414.2,1442.3,1459.4,1482.9,1497.2,1516.7,1528.3,1543.4,1551.7,1561.4,1565.7,1568.8,1567.2,1560.3,1546.9,1525.0,1479.5,1398.2,1306.3,1190.5
500.0,1500.0,0.1,15.0,3.3333e-05,107.0,8600.0,0.25,4.5,1450.0,0.3114045873399,1061.9,1196.4,1263.3,1303.3,1336.7,1356.4,1382.9,1398.9,1413.7,1427.3,1445.1,1455.2,1463.5,1469.9,1475.3,1475.6,1472.8,1461.2,1437.5,1398.0,1323.6,1241.7,1132.7,1036.3,947.35
500.0,1500.0,0.1,20.0,3.3333e-05,107.0,8600.0,0.25,4.5,1450.0,0.28934284826682,1035.0,1173.8,1241.0,1280.1,1312.2,1330.8,1347.8,1363.4,1377.7,1390.6,1401.9,1411.4,1418.8,1423.7,1425.5,1422.2,1414.0,1389.6,1346.6,1287.2,1201.7,1090.9,1007.2,925.87,859.41
500.0,1500.0,1.0,1.0,3.3333e-05,107.0,8600.0,0.25,4.5,1450.0,0.24662703651003,590.46,777.61,922.59,1061.0,1168.2,1298.9,1401.4,1502.5,1602.3,1701.3,1799.5,1897.0,1969.9,2066.8,2163.3,2259.7,2331.8,2427.9,2500.0,2596.0,2668.1,2764.1,2836.2,2932.3,3004.4
500.0,1500.0,1.0,5.0,3.3333e-05,107.0,8600.0,0.25,4.5,1450.0,0.23281222234346,921.92,1133.9,1298.0,1427.2,1527.4,1625.7,1722.7,1794.8,1890.2,1961.4,2055.9,2126.6,2220.6,2290.9,2361.1,2431.1,2501.1,2571.0,2664.1,2733.7,2780.1,2849.6,2918.9,2988.1,3057.1
500.0,1500.0,1.0,10.0,3.3333e-05,107.0,8600.0,0.25,4.5,1450.0,0.24081686733164,994.85,1225.2,1354.1,1452.8,1549.4,1644.6,1715.4,1809.2,1879.3,1972.3,2041.8,2134.2,2203.3,2272.3,2341.2,2409.9,2501.4,2569.7,2638.0,2706.0,2773.8,2841.4,2886.3,2953.4,3020.1
500.0,1500.0,1.0,15.0,3.3333e-05,107.0,8600.0,0.25,4.5,1450.0,0.24460577426757,1027.6,1225.4,1352.2,1449.6,1545.1,1639.4,1709.7,1802.9,1872.5,1964.9,2034.0,2125.8,2194.5,2263.0,2331.4,2422.3,2490.2,2558.0,2625.6,2692.9,2760.0,2826.7,2871.0,2937.1,3002.7
500.0,1500.0,1.0,20.0,3.3333e-05,107.0,8600.0,0.25,4.5,1450.0,0.24683543560367,1027.9,1224.8,1350.4,1447.1,1542.1,1636.1,1706.2,1799.1,1868.4,1960.5,2029.4,2120.9,2189.3,2257.6,2325.7,2416.2,2483.8,2551.3,2618.5,2685.4,2752.0,2818.3,2862.2,2927.7,2992.5
500.0,1500.0,10.0,1.0,3.3333e-05,107.0,8600.0,0.25,4.5,1450.0,0.16497578825659,568.07,749.42,921.57,1086.7,1245.8,1399.9,1549.8,1696.1,1810.9,1924.0,2063.3,2173.5,2282.6,2363.8,2471.6,2578.7,2658.7,2765.0,2844.6,2950.6,3029.9,3109.3,3188.6,3268.0,3347.5
500.0,1500.0,10.0,5.0,3.3333e-05,107.0,8600.0,0.25,4.5,1450.0,0.086178829429804,603.08,879.15,1095.7,1267.0,1432.2,1560.7,1717.4,1840.1,1990.6,2108.9,2225.7,2341.2,2455.4,2568.6,2652.9,2764.6,2847.8,2958.4,3040.9,3123.2,3232.6,3314.5,3369.0,3450.6,3532.1
500.0,1500.0,10.0,10.0,3.3333e-05,107.0,8600.0,0.25,4.5,1450.0,0.078059173290999,605.14,922.45,1137.6,1307.9,1472.1,1600.0,1756.1,1878.3,1998.5,2117.0,2233.8,2349.2,2463.4,2576.5,2688.6,2772.2,2883.0,2965.6,3048.0,3157.3,3239.0,3320.5,3401.8,3455.9,3536.9
500.0,1500.0,10.0,15.0,3.3333e-05,107.0,8600.0,0.25,4.5,1450.0,0.075781719027924,605.24,960.86,1139.4,1309.7,1474.0,1601.9,1757.9,1880.2,2030.1,2148.1,2264.5,2379.5,2493.3,2577.9,2690.0,2801.2,2884.1,2966.6,3076.1,3157.9,3239.4,3320.7,3401.7,3455.6,3536.4
500.0,1500.0,10.0,20.0,3.3333e-05,107.0,8600.0,0.25,4.5,1450.0,0.07477724235037,605.2,961.41,1174.8,1343.7,1474.7,1634.1,1758.7,1880.9,2030.8,2148.7,2265.1,2380.1,2493.8,2606.5,2690.4,2801.5,2884.3,2994.1,3076.1,3157.8,3239.2,3320.3,3401.2,3455.1,3535.6
500.0,2000.0,0.1,1.0,3.3333e-05,107.0,8600.0,0.25,4.5,1450.0,0.33641879181881,649.75,847.42,999.58,1117.7,1207.8,1316.0,1399.5,1480.7,1559.9,1637.3,1713.0,1768.7,1841.7,1895.4,1965.7,2017.5,2085.2,2134.9,2183.7,2231.5,2293.6,2338.9,2383.1,2426.0,2467.5
500.0,2000.0,0.1,5.0,3.3333e-05,107.0,8600.0,0.25,4.5,1450.0,0.38306914326606,1054.0,1223.2,1343.8,1414.0,1477.4,1521.0,1574.7,1612.1,1647.3,1680.4,1711.6,1741.0,1768.8,1794.9,1819.3,1834.7,1856.5,1876.7,1895.2,1912.1,1927.2,1940.7,1952.5,1965.7,1973.7
500.0,2000.0,0.1,10.0,3.3333e-05,107.0,8600.0,0.25,4.5,1450.0,0.37083874210249,1088.6,1243.1,1312.0,1369.8,1407.9,1442.6,1474.8,1505.0,1533.4,1551.5,1577.3,1601.5,1624.0,1638.0,1657.2,1674.2,1688.4,1699.6,1707.4,1711.0,1709.7,1698.3,1680.2,1628.9,1554.4
500.0,2000.0,0.1,15.0,3.3333e-05,107.0,8600.0,0.25,4.5,1450.0,0.33848702956082,1088.8,1218.5,1284.2,1325.0,1360.8,1393.3,1423.5,1442.6,1469.9,1487.1,1503.6,1526.9,1541.2,1560.7,1572.2,1586.8,1597.5,1601.9,1603.4,1596.0,1567.1,1513.2,1443.2,1337.9,1224.1
500.0,2000.0,0.1,20.0,3.3333e-05,107.0,8600.0,0.25,4.5,1450.0,0.3175631860917,1062.7,1195.9,1261.4,1301.2,1335.9,1357.1,1386.9,1405.7,1432.6,1449.5,1465.6,1480.7,1501.4,1513.7,1524.5,1537.3,1543.0,1545.7,1538.0,1515.8,1476.6,1386.1,1295.8,1192.4,1096.6
500.0,2000.0,1.0,1.0,3.3333e-05,107.0,8600.0,0.25,4.5,1450.0,0.22761947467378,591.43,750.72,900.25,1043.3,1154.3,1262.9,1396.2,1501.1,1604.9,1707.7,1809.9,1911.5,2012.6,2088.3,2188.9,2289.5,2389.9,2465.3,2565.8,2641.2,2741.9,2842.8,2918.6,3019.9,3096.0
500.0,2000.0,1.0,5.0,3.3333e-05,107.0,8600.0,0.25,4.5,1450.0,0.19971498024758,892.01,1112.2,1256.1,1393.2,1499.7,1604.3,1707.5,1809.7,1885.9,1987.1,2062.7,2163.3,2238.6,2313.8,2414.1,2489.3,2564.5,2664.8,2740.2,2815.6,2891.1,2966.7,3042.4,3118.2,3194.1
500.0,2000.0,1.0,10.0,3.3333e-05,107.0,8600.0,0.25,4.5,1450.0,0.20282096283046,966.95,1180.0,1318.2,1424.3,1528.0,1630.3,1731.7,1807.2,1907.6,1982.6,2082.3,2157.0,2256.5,2331.0,2405.5,2480.0,2579.4,2654.0,2728.6,2803.3,2878.0,2952.8,3027.7,3102.7,3177.7
500.0,2000.0,1.0,15.0,3.3333e-05,107.0,8600.0,0.25,4.5,1450.0,0.20462666215218,968.65,1209.4,1318.1,1449.0,1526.1,1627.8,1728.7,1804.0,1904.0,1978.8,2078.2,2152.7,2251.8,2326.1,2400.4,2499.4,2573.7,2648.0,2722.3,2796.7,2871.1,2945.6,3020.1,3094.6,3169.2
500.0,2000.0,1.0,20.0,3.3333e-05,107.0,8600.0,0.25,4.5,1450.0,0.20576373024805,1001.5,1209.3,1343.7,1447.6,1550.0,1626.0,1726.8,1801.9,1901.8,1976.4,2075.7,2150.0,2249.0,2323.1,2397.3,2496.1,2570.2,2644.3,2718.5,2792.7,2866.9,2941.2,3015.5,3089.9,3164.2
500.0,2000.0,10.0,1.0,3.3333e-05,107.0,8600.0,0.25,4.5,1450.0,0.14397754980166,531.7,719.49,896.99,1067.3,1231.4,1390.4,1514.4,1666.0,1785.0,1931.1,2046.3,2160.3,2273.1,2385.0,2496.1,2606.6,2716.6,2798.8,2908.2,2990.1,3072.0,3181.1,3262.9,3344.9,3426.9
500.0,2000.0,10.0,5.0,3.3333e-05,107.0,8600.0,0.25,4.5,1450.0,0.069087322671741,515.71,806.93,995.73,1175.1,1313.4,1481.0,1611.5,1770.9,1895.8,2018.7,2139.8,2259.4,2377.5,2494.5,2610.3,2725.3,2839.4,2924.6,3037.5,3150.0,3234.0,3317.9,3429.4,3512.9,3596.2
500.0,2000.0,10.0,10.0,3.3333e-05,107.0,8600.0,0.25,4.5,1450.0,0.061475525623939,516.52,811.95,1038.7,1216.8,1354.2,1488.0,1650.9,1778.3,1903.3,2026.3,2147.5,2267.1,2385.3,2502.2,2618.0,2732.9,2846.9,2931.9,3044.7,3128.9,3240.8,3324.4,3435.6,3518.8,3601.8
500.0,2000.0,10.0,15.0,3.3333e-05,107.0,8600.0,0.25,4.5,1450.0,0.059200150387567,463.16,812.94,1040.3,1218.5,1355.9,1522.7,1652.7,1780.0,1905.1,2028.1,2149.2,2268.8,2386.9,2503.8,2619.6,2734.4,2848.3,2933.2,3045.9,3158.0,3241.8,3325.3,3436.3,3519.4,3602.3
500.0,2000.0,10.0,20.0,3.3333e-05,107.0,8600.0,0.25,4.5,1450.0,0.058134866078592,463.08,813.25,1041.0,1219.2,1356.7,1523.4,1653.4,1780.8,1905.8,2028.8,2149.9,2269.5,2387.6,2504.4,2620.2,2734.9,2848.8,2933.7,3046.3,3158.4,3242.1,3325.5,3436.4,3519.4,3602.2
