VSH_TAU_0,VSH_TAU_SAT,VSH_B,AI_N,AI_GAMMA0,valid_x_end,valid_y_1,valid_y_2,valid_y_3,valid_y_4,valid_y_5,valid_y_6,valid_y_7,valid_y_8,valid_y_9,valid_y_10,valid_y_11,valid_y_12,valid_y_13,valid_y_14,valid_y_15,valid_y_16,valid_y_17,valid_y_18,valid_y_19,valid_y_20,prd_x_end,prd_y_1,prd_y_2,prd_y_3,prd_y_4,prd_y_5,prd_y_6,prd_y_7,prd_y_8,prd_y_9,prd_y_10,prd_y_11,prd_y_12,prd_y_13,prd_y_14,prd_y_15,prd_y_16,prd_y_17,prd_y_18,prd_y_19,prd_y_20
499.99999999999943,999.999999999999,9.999999999999995,1.0,3.333299999999998e-05,0.19769041743634005,601.1699999999997,774.9999999999998,972.0599999999995,1128.7,1279.6999999999991,1425.7999999999981,1567.8999999999985,1706.4999999999986,1815.199999999999,1922.3999999999992,2028.0999999999976,2132.6999999999985,2236.0999999999995,2338.699999999997,2440.599999999997,2516.599999999999,2592.2,2692.699999999998,2767.799999999998,2842.6999999999957,0.2246594665381798,602.9937810007389,813.4312062096787,998.9551844549827,1169.9652855521047,1331.1685321183331,1481.062653936969,1624.01728297344,1757.5871289253241,1882.8258657443755,2003.012333122242,2118.2396982704454,2227.0228895080572,2329.520613716533,2424.2519649852047,2516.86669693501,2608.7547963325164,2691.338584665682,2779.4185530782374,2857.855830201088,2933.282441493366
100.0,1499.9999999999989,1.0,4.999999999999999,3.333299999999998e-05,0.32141503264799,408.8199999999997,490.53,592.4799999999998,716.3099999999993,813.4099999999997,908.999999999999,1026.5999999999995,1119.2999999999988,1233.6999999999985,1323.9999999999993,1413.4999999999995,1502.0999999999988,1611.6999999999982,1698.5,1784.4999999999977,1869.7999999999988,1954.3999999999983,2038.0999999999976,2121.0999999999985,2203.1999999999985,0.33979863993580683,398.01655968676454,514.3707288373947,632.5584180653362,746.7623315021494,856.976033397986,964.737501325075,1067.9545533225025,1167.3009757453858,1265.5766921595691,1358.892756232242,1451.4805488814943,1543.2266849118319,1631.2058187613027,1718.3955195408591,1805.040034409788,1890.9463896844609,1974.4077030544454,2064.675120426941,2157.790008050801,2253.315089580294
399.9999999999997,499.99999999999943,0.10000000000000005,10.0,3.333299999999998e-05,0.30899296931290005,871.6599999999991,993.579999999999,1035.399999999999,1066.7999999999997,1082.9999999999989,1101.9999999999989,1111.6999999999998,1119.2999999999988,1125.0999999999995,1128.899999999999,1130.499999999999,1129.599999999999,1123.1999999999991,1115.1999999999998,1104.0999999999992,1089.9999999999993,1062.7999999999995,1026.299999999999,977.7599999999993,899.2399999999999,0.3060257146599145,891.0829469600225,990.7318478648133,1032.1633379653617,1054.459014465012,1070.126579132373,1082.113044790252,1092.5834883055747,1100.7320470516272,1108.3884926746462,1112.7582419258215,1115.793267352899,1117.1650073152307,1115.3124799199165,1111.2475921812531,1103.379363645497,1091.3296607770724,1073.2319399814232,1045.0544418294176,1009.4803323015301,963.8322727810926
100.0,1999.9999999999982,1.0,14.999999999999996,3.333299999999998e-05,0.27815314498442006,374.64,475.72999999999973,616.3199999999998,724.1699999999994,829.8299999999996,959.4899999999994,1061.599999999999,1162.399999999999,1286.8999999999992,1385.3999999999996,1483.099999999999,1604.0999999999979,1700.2999999999984,1795.7999999999988,1890.8999999999976,1985.4999999999982,2079.5999999999985,2173.3999999999987,2266.699999999998,2359.5999999999985,0.2443784671313278,364.37220242634197,479.1652307225787,594.1213059882487,705.6392156266495,815.2591722960522,923.4778446778218,1028.4414087104537,1130.135761982304,1232.105880369389,1329.5981045543656,1427.5411499973886,1526.141203428956,1621.7176957073561,1717.9209396895135,1814.5704659291669,1912.4493474311216,2008.9655333306353,2115.7202473496277,2229.0489237207707,2347.308081231622
299.99999999999983,999.999999999999,9.999999999999995,10.0,3.333299999999998e-05,0.16339330102634003,701.5999999999998,982.4999999999995,1179.9000000000003,1398.9000000000003,1578.7999999999977,1752.5999999999997,1893.2999999999993,2030.8999999999987,2165.499999999999,2297.4999999999977,2401.2999999999993,2503.499999999997,2579.0999999999985,2678.399999999999,2751.7999999999993,2823.999999999997,2894.9999999999955,2941.5999999999985,2987.3999999999974,3054.699999999999,0.13543673923145286,662.2159588477307,899.0615911581418,1089.9426551705815,1252.9894786195186,1405.7072339174597,1544.5498527059635,1674.5803569062964,1792.235834044201,1905.078550295628,2006.3844477357259,2102.383957605643,2194.957759380998,2276.2609045631684,2352.2277825331907,2420.902292170595,2483.3907594359935,2532.5753703114774,2573.6535196129284,2601.2531839911667,2612.2783509397536
499.99999999999943,1999.9999999999982,1.0,1.0,3.333299999999998e-05,0.22761947467378002,591.4299999999995,750.72,900.2499999999993,1043.2999999999993,1154.2999999999993,1262.899999999999,1396.199999999999,1501.099999999999,1604.899999999999,1707.6999999999998,1809.899999999998,1911.4999999999975,2012.5999999999974,2088.299999999999,2188.899999999999,2289.499999999999,2389.899999999998,2465.3000000000006,2565.7999999999975,2641.2,0.24133414550277324,568.2006052518523,732.4006115898102,871.7046856907155,998.3287584665188,1117.1497477551404,1230.3152982139134,1340.6014456637374,1448.4112173296721,1553.0252531420417,1654.5155226248596,1757.9918919981228,1857.5359829403476,1958.3559124118121,2055.64006239967,2157.771552216035,2265.1666941468307,2372.2100322582683,2491.0788043444904,2619.6224359614403,2760.592150946739
199.99999999999983,1499.9999999999989,0.10000000000000005,10.0,3.333299999999998e-05,0.46571355167243006,525.8399999999998,574.0699999999995,597.4499999999999,626.3299999999997,647.0099999999995,667.0799999999998,693.0199999999992,711.8999999999996,730.3199999999996,754.16,771.4799999999991,793.8299999999996,809.9899999999993,830.6899999999996,845.5499999999993,864.389999999999,882.0599999999997,898.4299999999996,913.3699999999991,926.6899999999995,0.41548890176503306,527.8215341701417,564.2218449086207,589.064275071419,613.0663276544292,634.8000896021924,657.5000428082149,679.8063277096022,701.9422100526748,723.9049113039472,745.7126765943248,767.7773382004929,789.0910599017487,810.5628048199655,831.0307148152428,850.9979700529553,870.8660340114069,888.5190998178564,905.4916453570726,921.2755194809615,933.2517471836925
399.9999999999997,1499.9999999999989,9.999999999999995,4.999999999999999,3.333299999999998e-05,0.09337549689116506,597.5499999999994,831.2099999999992,1047.6999999999996,1185.499999999999,1352.1999999999994,1513.4999999999982,1670.3999999999992,1793.1999999999985,1943.599999999998,2061.899999999999,2178.4999999999977,2322.2999999999975,2435.9999999999995,2520.499999999999,2632.399999999998,2743.4999999999977,2826.299999999999,2936.1999999999957,3018.2,3099.9999999999964,0.09522229557183785,594.0489492742989,827.146701065522,1017.3908038656864,1182.3818552069079,1340.621836581394,1487.7304789299121,1629.7097475100772,1763.6159451463714,1895.0756530780288,2016.0163552398965,2137.0189604620823,2255.144500782057,2367.1353792321315,2475.6023887038023,2583.1320917454545,2691.143406141241,2791.1843613021415,2892.820076181903,2995.33576809906,3093.624181477394
399.9999999999997,1999.9999999999982,9.999999999999995,10.0,3.333299999999998e-05,0.06571208816265499,514.5599999999997,804.4199999999993,955.2499999999991,1135.499999999999,1274.499999999999,1443.0999999999985,1574.299999999998,1702.6999999999982,1859.6999999999987,1982.9999999999984,2104.3999999999983,2224.0999999999985,2371.699999999999,2488.2999999999975,2603.7999999999984,2718.399999999997,2803.7999999999993,2916.8999999999983,3029.399999999996,3113.399999999994,0.07195587484108022,542.7207693963334,768.9933501716702,955.5176386984822,1118.6602572422555,1278.1221311451686,1428.854235230567,1576.6367413173282,1718.617271583474,1860.8384646447212,1992.7480198642495,2128.0276447556107,2262.3872227602865,2393.104991245908,2522.798186423978,2654.9728231036165,2791.693432397545,2924.149436672349,3064.5163104661024,3216.539283485106,3372.7676755130874
499.99999999999943,499.99999999999943,1.0,14.999999999999996,3.333299999999998e-05,0.33107674814692006,1096.399999999999,1235.899999999999,1331.6,1383.2999999999986,1448.299999999998,1494.999999999998,1540.1999999999991,1569.5999999999979,1612.599999999999,1654.2000000000003,1694.2999999999984,1719.999999999999,1756.8999999999985,1791.4000000000003,1812.5999999999979,1840.7999999999986,1862.9999999999998,1872.999999999998,1878.699999999998,1870.0999999999992,0.3802679461682308,1091.2090501034754,1277.8595213525768,1383.7982695128576,1459.8095611103372,1521.2324575097107,1573.3855987050317,1619.8751391260807,1658.4441259736254,1693.3095524030607,1723.512675924241,1748.4473891707457,1770.553442310945,1785.8261089604125,1795.5922225571776,1798.6228627790736,1794.6247567175787,1779.5989767142173,1750.3413159321183,1705.0043408195272,1643.9136999792147
100.0,1499.9999999999989,1.0,10.0,3.333299999999998e-05,0.32891590666967,363.7599999999998,481.27999999999975,582.7199999999998,705.0299999999993,800.729999999999,894.8899999999993,1010.6999999999999,1101.9,1214.4999999999998,1303.2999999999988,1391.2999999999984,1478.2999999999995,1585.999999999998,1671.099999999998,1755.4999999999995,1838.9999999999989,1921.5999999999988,2003.2999999999977,2084.099999999998,2163.899999999999,0.312662745453382,376.6058999065985,485.37279648645494,595.5661440834856,702.359111507612,805.8192838939983,907.1191552856006,1004.207451207899,1097.398240271393,1189.6711901027138,1277.5265657288437,1364.4923666349446,1451.0496960077173,1533.8336885007845,1616.1227261894508,1697.4905324812757,1778.275721536145,1856.3820879370792,1941.3572725945573,2028.421717674193,2116.662664178999
299.99999999999983,1499.9999999999989,0.10000000000000005,4.999999999999999,3.333299999999998e-05,0.45073191832875,744.2199999999995,832.5399999999994,899.4799999999992,943.2500000000001,972.25,1007.2999999999993,1031.3999999999994,1054.0999999999995,1082.4999999999989,1102.4999999999998,1121.499999999999,1145.3999999999994,1162.1999999999987,1178.299999999999,1198.3999999999987,1212.4999999999993,1229.999999999999,1242.0999999999995,1257.0999999999992,1270.4999999999986,0.3966354853679729,743.3702061273041,831.9551656443949,885.6363732452359,929.3409641813995,966.9772092301357,1003.3134554615051,1038.3716581719616,1072.1615471402554,1105.0482518245335,1136.3388346178017,1167.515255934833,1196.8764946124988,1225.5446913320166,1251.6718027310549,1276.6924132083652,1300.3631640605145,1319.7648519394118,1334.9673546618899,1346.2943791551988,1351.1418599610556
199.99999999999983,1.0,1.0,10.0,3.333299999999998e-05,0.15931849509757004,478.1399999999995,506.43999999999977,516.2799999999994,530.0199999999998,534.7499999999997,538.4299999999997,541.2899999999998,545.0999999999998,546.2399999999997,546.9599999999996,547.28,547.2299999999999,546.7999999999995,545.98,544.7399999999999,543.0399999999998,540.8399999999998,538.0799999999998,534.7099999999997,530.6799999999996,0.20240112832150065,466.0073346229073,504.0044013225986,522.0065729336073,533.0823885915389,540.5223110138069,544.5947330541029,547.4350500315525,549.0413006147629,549.0915064179354,548.0366789223721,546.1082414473929,542.3487654576257,537.2829257766738,531.2002879601724,523.3450172614398,514.0567482023604,502.0003235383683,486.4557998745895,467.7194133737808,444.2401188097451
299.99999999999983,1499.9999999999989,0.10000000000000005,14.999999999999996,3.333299999999998e-05,0.38204468380265,720.0099999999992,787.9999999999993,816.2499999999995,840.6899999999997,863.1699999999989,877.4699999999992,898.1399999999993,917.9599999999998,936.9799999999991,949.2099999999996,966.8099999999997,983.4499999999997,999.0299999999988,1008.7999999999985,1022.2999999999989,1034.1999999999994,1044.2999999999995,1054.0999999999995,1057.5999999999992,1054.6999999999996,0.38416819809176683,741.0607079576442,798.0943032567789,822.4116752938664,841.9474206088584,858.7038582124014,876.0742538415159,893.5369481592428,910.1970031532769,926.6046445411263,942.839921662757,958.5005033427602,973.2559227109489,987.1085999695773,999.0476222873708,1009.0321036394245,1017.4501504356556,1021.4333152051697,1020.79065561683,1014.7800921212653,1001.0742973559053
100.0,1.0,0.10000000000000005,14.999999999999996,3.333299999999998e-05,0.08078575414488702,260.88999999999993,266.3199999999997,266.3199999999997,267.4699999999999,267.4699999999999,267.4299999999999,267.4299999999999,267.0299999999999,267.0299999999999,266.5399999999999,266.5399999999999,265.85999999999973,265.85999999999973,265.0099999999999,265.0099999999999,263.92999999999984,263.92999999999984,262.4899999999998,262.4899999999998,262.4899999999998,0.08285409673132171,250.3251317524069,265.2506691438867,270.5807338384051,273.60291983645084,276.13809182441616,277.26661137415334,278.27504390828005,279.10186804410034,279.33559987349804,279.0230225413752,278.7972176557749,277.5602755583482,276.0075686228881,274.2171142014035,271.71905371554004,268.9941868426462,264.97471748809926,259.82367927512536,253.88331628608137,245.30245029297555
199.99999999999983,499.99999999999943,1.0,4.999999999999999,3.333299999999998e-05,0.43975999419271,570.5899999999997,658.9999999999997,723.8499999999992,785.6199999999994,845.0099999999995,902.2699999999995,957.5099999999996,1010.799999999999,1061.9999999999989,1098.9999999999986,1146.5999999999997,1191.899999999999,1235.0,1265.6999999999991,1304.4999999999993,1340.5999999999988,1365.7999999999988,1396.9999999999993,1424.9999999999998,1443.8999999999994,0.4323089232680825,518.7039186698252,624.1699146463662,720.5905830585373,805.4524772573014,880.9596791072956,950.4675160818032,1013.2132976026929,1070.8121942008675,1125.5838640214295,1174.0234272455427,1219.6979518882708,1262.4133724811784,1299.9420257030874,1334.8995476202817,1366.037219062406,1392.1895404109214,1412.8813384875066,1428.0312213309,1437.6410591070883,1439.3086760367862
499.99999999999943,1999.9999999999982,0.10000000000000005,10.0,3.333299999999998e-05,0.3708387421024901,1088.599999999999,1243.0999999999995,1311.9999999999982,1369.7999999999981,1407.899999999999,1442.599999999999,1474.7999999999988,1504.999999999999,1533.3999999999987,1551.4999999999984,1577.2999999999995,1601.4999999999995,1623.9999999999993,1637.999999999999,1657.1999999999987,1674.1999999999996,1688.3999999999987,1699.5999999999985,1707.3999999999999,1710.9999999999984,0.34637820517081125,1112.2707161620829,1272.684473902369,1346.453433940515,1396.425299706662,1437.0517227215687,1473.6803837672487,1509.340833342134,1541.5950132976213,1572.2399568526587,1600.7881047726257,1627.5563549353164,1651.997019115043,1673.7028978682438,1690.6237204307681,1704.112316021738,1713.8926633564413,1715.0693982323426,1705.2352082746502,1684.0655922705932,1650.1414303858332
399.9999999999997,1499.9999999999989,0.10000000000000005,10.0,3.333299999999998e-05,0.37992074129488007,921.7899999999992,1017.6999999999996,1074.0999999999997,1118.5999999999988,1146.9999999999998,1172.599999999999,1188.499999999999,1210.799999999999,1231.5999999999985,1244.6999999999996,1262.999999999999,1279.7999999999993,1294.9999999999986,1304.1000000000001,1315.9999999999995,1325.699999999998,1332.799999999999,1336.9999999999993,1336.9999999999993,1331.8999999999994,0.3707849917839041,944.6365116518932,1047.840665189661,1091.9705157468416,1122.2776509561863,1146.7656888429242,1169.8686624701959,1192.6497936530914,1213.5766099719592,1233.7326251722307,1252.7452182247278,1270.6052768034838,1286.8710666943389,1301.2732473316473,1312.4896962772011,1320.8738309112434,1326.4030594651647,1325.5012072583945,1316.4157785785742,1299.0233995210815,1271.312314930091
499.99999999999943,999.999999999999,0.10000000000000005,4.999999999999999,3.333299999999998e-05,0.3902235752297,1051.5999999999985,1217.299999999999,1332.3999999999992,1396.9999999999993,1452.799999999999,1489.3999999999996,1521.8999999999994,1550.4999999999984,1575.3999999999985,1596.9999999999986,1615.2999999999984,1630.3999999999994,1638.899999999998,1649.0999999999974,1656.599999999998,1661.3999999999994,1663.599999999998,1663.599999999998,1661.3999999999994,1656.8999999999987,0.3703198897165333,1144.0347469174085,1306.1966316982052,1381.0688873551012,1427.9102728206678,1463.245432274121,1492.7980609091696,1520.320835587093,1544.174787864856,1566.072683477305,1584.4773960210161,1600.6831779968215,1613.8943430759068,1623.4348892444227,1628.2430628900945,1628.8859845040172,1624.3782526383677,1611.2252991567943,1584.7375438836057,1546.6954349398432,1495.7318437110657
299.99999999999983,1.0,0.10000000000000005,19.999999999999993,3.333299999999998e-05,0.13951494658375002,600.0499999999996,694.3099999999998,724.0999999999996,735.0499999999993,750.5099999999999,755.66,759.4399999999996,761.9999999999995,763.4399999999995,763.7999999999995,763.0099999999995,760.9099999999997,757.1699999999994,751.49,751.49,744.0499999999997,733.8799999999999,722.0599999999996,709.1699999999995,694.0799999999995,0.12417376841991293,593.2199818405873,683.6762338125579,724.9812107097044,748.5063626240852,764.9561050859522,772.7354423332627,778.0660884681095,779.6863290266795,777.8229167791236,774.1567087378409,768.2742036668749,759.4546959593872,747.9914059857362,734.5589203000684,718.2895233781388,700.0517843341231,677.2350516261903,649.1934941134213,615.4605185702778,575.2105114540182
399.9999999999997,999.999999999999,0.10000000000000005,19.999999999999993,3.333299999999998e-05,0.28058865358322005,872.0999999999993,969.6299999999991,1007.9999999999994,1027.4999999999989,1050.7999999999995,1063.5999999999992,1074.6999999999996,1084.3999999999994,1092.4999999999989,1098.8999999999999,1101.2999999999995,1104.499999999999,1105.2,1102.6999999999994,1092.2999999999993,1079.499999999999,1048.699999999999,1019.0999999999984,947.4999999999993,877.8400000000001,0.2851015043678411,862.2392571072155,953.9095905312805,988.7860263492759,1008.860995761517,1024.6454529623857,1038.6690808003368,1052.297691216034,1064.1237625734705,1075.9330952587395,1085.5807786366638,1094.3237922908158,1101.9608067574027,1107.1372014786796,1110.1980879342173,1109.9599022916952,1106.515857953745,1097.1547545281805,1079.2100495107697,1054.1922191919862,1019.049594828318
299.99999999999983,999.999999999999,1.0,19.999999999999993,3.333299999999998e-05,0.35624685193705014,766.9499999999999,875.4699999999997,958.6399999999993,1040.2999999999997,1120.5999999999992,1199.6999999999987,1277.6999999999994,1354.6999999999987,1430.4999999999984,1505.2999999999984,1578.899999999999,1633.399999999999,1704.899999999999,1774.899999999998,1826.4999999999982,1893.6999999999996,1942.7999999999988,2006.2999999999972,2052.099999999997,2095.9999999999977,0.3907993363001065,722.7025447346825,874.0795771261458,991.9630656543496,1095.1961976954456,1187.7679169125668,1273.7121776389176,1353.6200199081693,1426.2588190670513,1494.7988896776674,1559.953148960339,1620.6615463976332,1678.9869474266682,1731.9704271213818,1780.3212838390368,1824.2299491714957,1864.2724972764934,1895.7081051917437,1922.9209736983014,1938.23914429713,1942.6364725900833
399.9999999999997,1.0,1.0,14.999999999999996,3.333299999999998e-05,0.17012578941895004,790.8300000000002,893.2199999999992,951.4299999999992,980.9499999999988,1003.3999999999993,1012.1999999999996,1025.6999999999991,1030.5999999999988,1034.3999999999996,1038.6999999999998,1039.0999999999995,1038.0999999999985,1035.5,1030.9999999999993,1024.2000000000003,1014.7999999999986,989.1999999999997,973.8099999999993,957.1799999999993,939.3599999999992,0.2208178278824865,792.0022658517804,910.1342565911767,967.497522147723,1001.0744561236846,1023.3899266111205,1034.9151861479615,1042.4899572546215,1044.9301449727209,1042.9350670097504,1038.3906070998107,1030.2867278068827,1018.6127009064048,1002.9760857924309,984.4106012980787,961.8247889225975,935.6533223218269,903.4415407010479,863.1180993210878,814.4334303742718,757.6033072922875
100.0,1999.9999999999982,1.0,19.999999999999993,3.333299999999998e-05,0.27928665865849,372.29,474.42999999999955,614.9499999999999,722.6199999999995,828.1099999999993,957.5299999999997,1059.399999999999,1160.0999999999997,1284.2999999999986,1382.5999999999985,1480.0999999999976,1600.899999999999,1696.8999999999983,1792.299999999999,1887.0999999999992,1981.4999999999986,2098.7999999999997,2192.199999999999,2261.8999999999983,2354.599999999999,0.23833114629596933,361.81736625422263,473.8709005652323,585.2752634920499,692.9849905329933,798.545052720296,902.2571714879957,1002.4246783046615,1098.8350607918849,1195.0586984342615,1286.834330655321,1378.3663711049703,1470.2816803984147,1558.615673755379,1647.1819025928892,1735.2578784495909,1823.7895523236475,1909.9568437938212,2004.6646725261,2103.3481519445277,2204.1249227571375
399.9999999999997,999.999999999999,0.10000000000000005,14.999999999999996,3.333299999999998e-05,0.3031123948423001,872.8799999999997,974.3899999999995,1027.9999999999993,1047.9999999999986,1072.3999999999985,1086.1,1098.1999999999985,1108.8999999999999,1118.299999999999,1129.8,1135.5999999999985,1139.599999999999,1141.5999999999997,1141.2999999999995,1138.4999999999986,1128.5,1117.0999999999988,1090.1999999999998,1049.799999999999,981.9099999999985,0.3028428910615519,880.9983405511382,975.7179344607337,1013.1007450260898,1035.3046935431157,1052.688457988371,1068.2181095631515,1083.2642949654867,1096.5100168965944,1109.5946045713554,1120.5031493003148,1130.486561314531,1139.1933241430963,1145.4899788877387,1149.4720757684765,1150.2131699283066,1147.6857226986374,1139.149785920233,1121.8506243164425,1097.3062074326047,1062.572837396821
499.99999999999943,999.999999999999,0.10000000000000005,14.999999999999996,3.333299999999998e-05,0.28378372351257003,1034.1999999999994,1174.0,1242.799999999999,1282.4999999999995,1304.1000000000001,1331.0000000000002,1345.8999999999985,1358.5999999999992,1369.2999999999988,1377.6999999999982,1383.4999999999986,1386.3999999999987,1385.699999999999,1381.2000000000003,1372.6999999999991,1359.799999999999,1341.7999999999988,1302.0999999999988,1243.5999999999995,1171.4999999999993,0.2690390954331796,1031.1596826910734,1172.5085669974121,1229.9916545494484,1261.6123674705404,1285.6697531663672,1305.1851561055223,1323.5684603452626,1338.841164738958,1353.6735214880214,1364.7335161699832,1374.3762807235637,1382.2808417458689,1386.4964714860394,1387.5826404476684,1384.401686102551,1376.6352015658722,1361.1062451505318,1333.376704350155,1296.2175903793277,1246.5773685883637
100.0,499.99999999999943,9.999999999999995,10.0,3.333299999999998e-05,0.30986066264797,500.8399999999998,692.5999999999996,892.169999999999,1022.2999999999989,1142.499999999999,1252.2999999999984,1331.8999999999994,1403.2999999999981,1450.6999999999996,1492.1,1526.3999999999978,1544.699999999999,1563.6999999999998,1569.0999999999988,1566.4999999999986,1543.4999999999989,1515.8999999999985,1481.2999999999984,1419.8,1342.8999999999996,0.33116296649525256,547.3133163559683,722.6520145577479,889.8651870273574,1042.6417766221546,1184.267209536859,1313.1423727191614,1428.6212024298638,1528.6668151591634,1621.0899170832547,1702.1686893660005,1771.5173543592914,1836.903853153435,1885.8921487155383,1929.1969319558161,1959.5659611702658,1977.4170525532772,1980.7110150212027,1972.6247929119957,1942.7124099588218,1893.3486350057565
199.99999999999983,1.0,9.999999999999995,19.999999999999993,3.333299999999998e-05,0.09866197574015703,456.1099999999998,473.4200000000001,486.1299999999995,495.2399999999999,501.6899999999998,506.2399999999997,509.3899999999996,511.4699999999999,511.4699999999999,512.6799999999995,513.1399999999998,513.1399999999998,512.8999999999996,511.9499999999998,511.9499999999998,510.44999999999936,507.6499999999997,507.6499999999997,503.9899999999999,498.53999999999974,0.1061675673003146,441.6015251009162,485.51107413489535,501.324476536585,507.2533154328335,511.16100809528126,511.93673540440216,512.0946962541082,511.3845162449212,510.25771132937695,507.08862478259425,503.84942640352904,499.36056227905897,493.4797028105405,487.21357908603085,479.1862083979139,469.75636154869426,457.7370233088826,441.73761709942363,423.58559228448576,400.57591639722085
100.0,1499.9999999999989,9.999999999999995,14.999999999999996,3.333299999999998e-05,0.11452417747044001,411.0499999999998,639.1399999999996,827.129999999999,1039.5999999999992,1241.7999999999988,1403.6999999999991,1591.3999999999992,1743.099999999998,1891.199999999998,2036.0999999999976,2178.299999999999,2290.2999999999984,2428.3999999999974,2537.499999999997,2645.4999999999973,2725.799999999999,2832.0999999999967,2911.099999999997,2989.5999999999985,3067.5999999999967,0.1327240513328871,459.50730072214094,662.9464540047691,860.4947689238294,1045.7265539195664,1228.4753899585123,1402.5797382867659,1568.2834942964623,1722.1038725562203,1873.4923347960557,2010.5275896546661,2141.938391799401,2271.9316232059655,2386.6636412531216,2498.570340581832,2601.4634312055377,2695.8327292935514,2777.0919735298107,2854.124076934763,2919.8689569962285,2970.2221056809485
399.9999999999997,499.99999999999943,1.0,14.999999999999996,3.333299999999998e-05,0.35337736833684,931.2299999999998,1035.199999999999,1104.699999999999,1168.5,1214.1,1258.399999999999,1301.399999999999,1343.1999999999982,1383.8999999999987,1423.2999999999993,1461.3999999999983,1497.899999999999,1532.6999999999978,1565.4000000000003,1595.4999999999993,1622.0999999999983,1637.2999999999995,1655.0999999999985,1664.7999999999975,1663.8999999999994,0.3764812030629982,854.5432671156511,1004.9603994285866,1105.3111145760147,1183.8039261373435,1250.3199309234274,1309.566810674967,1363.1364867529837,1410.394629260518,1454.7368223694348,1493.9603188480053,1529.5365954062124,1562.5021407804045,1589.9274182011436,1613.172543835236,1631.2893209054457,1643.7773452790705,1647.6259673329823,1641.0914243933864,1623.1377028304148,1592.2800347908155
299.99999999999983,1.0,0.10000000000000005,10.0,3.333299999999998e-05,0.27698542332248,677.1699999999995,748.7799999999994,781.4299999999997,795.6599999999996,808.9999999999991,813.9299999999994,815.4099999999988,816.5399999999994,815.1399999999994,810.8299999999996,802.9000000000001,790.7999999999993,774.4099999999992,754.0199999999995,729.9799999999991,701.64,647.3599999999998,582.2899999999994,521.6199999999997,442.39999999999975,0.23392133257716494,656.1612254174817,740.9319691876407,784.3659872148082,812.0835991973523,830.546327090529,840.1638936756075,846.3729523839577,848.4054534165255,846.0384602497985,842.4583226143462,835.6550656372622,825.5163948796533,812.4480088206627,796.8844537617719,778.1593479694747,756.8944303730188,730.8225687544143,699.1872565372513,660.5942869555873,615.5051040877886
199.99999999999983,1999.9999999999982,0.10000000000000005,1.0,3.333299999999998e-05,0.4301575777987901,510.7800000000001,611.9899999999998,703.3799999999993,771.529999999999,851.9999999999992,913.2999999999992,972.2799999999986,1029.1999999999998,1084.1999999999996,1124.3,1176.2999999999993,1226.599999999998,1275.1999999999991,1322.0999999999995,1356.1999999999996,1399.999999999999,1442.099999999999,1482.2999999999986,1511.199999999999,1547.899999999998,0.3599352300397288,470.3296187034649,570.7268044266896,662.3085143932136,744.7027631037397,819.9768160540445,891.7424129056751,959.7290997945595,1026.2728605761504,1091.4481737922642,1151.9216048413741,1213.6905540134437,1272.563261179832,1330.9611062651763,1387.8207712430176,1446.1560738781018,1504.647788251067,1562.4746022480144,1622.4967677583172,1688.4616023266956,1757.7281216692463
399.9999999999997,999.999999999999,1.0,4.999999999999999,3.333299999999998e-05,0.30967356466440005,853.1199999999991,1041.3999999999987,1161.5999999999995,1275.0999999999985,1362.7999999999986,1448.6999999999998,1533.1999999999991,1616.4999999999989,1678.299999999999,1759.7999999999988,1820.3999999999992,1900.399999999999,1959.6999999999996,2038.0999999999976,2096.1999999999985,2153.699999999999,2229.4000000000005,2285.399999999998,2340.599999999998,2394.8999999999996,0.2975949661913711,876.4529099074081,1072.967883576433,1208.2929453197462,1316.3763917750866,1410.8416609318708,1495.8150534765496,1574.9532783317668,1647.2268155167505,1715.6436809193829,1777.8976968008149,1837.3113686444065,1892.8906354033843,1943.4563610314847,1988.521069091774,2029.9033638107394,2066.9246610003993,2094.796903809553,2113.6007356534064,2122.029984604658,2118.720621435536
399.9999999999997,1499.9999999999989,9.999999999999995,19.999999999999993,3.333299999999998e-05,0.08234187978452301,601.9099999999996,913.349999999999,1091.1999999999991,1261.9999999999989,1394.1999999999994,1554.8999999999996,1711.2,1833.499999999998,1983.3999999999983,2101.199999999997,2217.3999999999996,2360.599999999997,2473.7999999999984,2557.8999999999983,2669.2999999999984,2779.6999999999957,2861.9999999999986,2971.099999999999,3052.4999999999964,3133.599999999999,0.0852083453678786,638.6299998071981,891.1690077500273,1090.8232011382688,1260.668836816766,1423.4736149329617,1573.84450685236,1718.2465727112963,1852.3543310544387,1984.3799024998755,2104.445688181428,2223.161249286068,2340.08141198245,2448.275762374973,2552.9058335436844,2653.7777523502855,2752.8601054549404,2840.8298900530945,2925.7666764417218,3005.9550884832115,3074.5375933597134
100.0,1999.9999999999982,1.0,1.0,3.333299999999998e-05,0.27615052066331003,439.8699999999998,523.3199999999995,631.1099999999993,737.2899999999996,842.1599999999993,945.7799999999992,1048.1999999999991,1174.7999999999993,1274.9999999999993,1374.2999999999988,1472.8999999999994,1595.2999999999995,1692.5999999999983,1789.4999999999993,1885.9999999999989,1982.199999999999,2078.1999999999994,2173.999999999999,2269.5999999999976,2365.1999999999994,0.2840331696000814,394.1194384487494,513.9648898754119,633.2930377886851,747.6203999018826,858.1701232885545,966.4090050635187,1071.2430488828984,1173.9920446145911,1276.2649426975393,1373.6859675314756,1472.8020469427227,1570.6439375174195,1667.3139882824803,1763.729125228756,1862.8921003830171,1964.3954145669172,2066.6121991384584,2179.7565562285135,2304.197146072504,2439.6078129262437
100.0,1499.9999999999989,1.0,19.999999999999993,3.333299999999998e-05,0.33378170346546,354.67,475.9099999999996,577.0099999999999,698.36,793.2299999999996,886.5400000000001,1001.299999999999,1091.699999999999,1203.0999999999985,1291.0999999999988,1378.1999999999987,1464.299999999998,1570.7999999999984,1654.8999999999987,1738.2,1820.5999999999988,1901.9999999999998,1982.3999999999983,2061.7999999999984,2139.899999999999,0.2825861635003903,359.89326971465647,459.14460016934584,558.047978542553,653.5950458883789,746.031035380017,836.2069946279249,922.3861435564027,1004.5291875260255,1085.5812804169238,1162.8548046916871,1238.8641823429705,1314.5686603386291,1386.5204810286482,1457.9621144737541,1527.8751703915086,1597.1457864587953,1663.1926477819782,1735.1206047511316,1807.4254107463926,1878.6395686139062
399.9999999999997,999.999999999999,9.999999999999995,4.999999999999999,3.333299999999998e-05,0.13993801343819004,712.0300000000001,963.5399999999993,1164.3999999999994,1355.7999999999993,1509.399999999999,1687.9999999999989,1832.7999999999986,1946.199999999999,2085.5,2195.0999999999995,2303.2999999999984,2410.1999999999994,2515.899999999997,2620.499999999997,2698.2999999999984,2775.5999999999985,2852.299999999998,2928.499999999998,3004.0999999999985,3079.199999999998,0.13488953174052032,707.3769557334874,959.9879380008869,1158.9701723336016,1327.7401645255275,1485.3063938228956,1628.54923503395,1763.8908444100048,1887.8504853247448,2006.7102867990304,2114.68282688871,2218.6933035271672,2318.4724548491768,2408.899743917162,2493.3038466632656,2572.5740034607334,2647.6470971235153,2710.3666695167744,2766.905482497717,2812.50906902541,2844.6920566105764
